term,verdict,evidence_tier,source,notes,review_flag
ale,haram,T2_SCRIPTURAL,"Quran, Al-Ma'idah 5:90-91 (definitive prohibition of khamr/intoxicants); earlier stages in Al-Baqarah 2:219 and An-Nisa 4:43",,
bacon,haram,T2_SCRIPTURAL,"Quran, Al-Baqarah 2:173, Al-Ma'idah 5:3, Al-An'am 6:145, An-Nahl 16:115 (swine flesh prohibition, stated in all four)",,
beer,haram,T2_SCRIPTURAL,"Quran, Al-Ma'idah 5:90-91 (definitive prohibition of khamr/intoxicants); earlier stages in Al-Baqarah 2:219 and An-Nisa 4:43","Operational note: SANHA holds vinegar halal, so 'wine vinegar' is handled as a coded exception, not a tier change to the base term.",
blood meal,haram,T2_SCRIPTURAL,"Quran, Al-Baqarah 2:173, Al-Ma'idah 5:3, Al-An'am 6:145, An-Nahl 16:115 (blood named alongside carrion and swine in all four)",,
blood plasma,haram,T2_SCRIPTURAL,"Quran, Al-Baqarah 2:173, Al-Ma'idah 5:3, Al-An'am 6:145, An-Nahl 16:115 (blood named alongside carrion and swine in all four)",,
brandy,haram,T2_SCRIPTURAL,"Quran, Al-Ma'idah 5:90-91 (definitive prohibition of khamr/intoxicants); earlier stages in Al-Baqarah 2:219 and An-Nisa 4:43",,
carmine,haram,T1_CERTIFIER_RULING,SANHA Haraam E-Numbers page (E120 alternative name),,
carminic acid,haram,T1_CERTIFIER_RULING,SANHA Haraam E-Numbers page (E120 primary name),,
carrion,haram,T2_SCRIPTURAL,"Quran, Al-Baqarah 2:173, Al-Ma'idah 5:3, Al-An'am 6:145, An-Nahl 16:115 (maytah/carrion prohibition)",,
champagne,haram,T2_SCRIPTURAL,"Quran, Al-Ma'idah 5:90-91 (definitive prohibition of khamr/intoxicants); earlier stages in Al-Baqarah 2:219 and An-Nisa 4:43",,
cochineal,haram,T1_CERTIFIER_RULING,SANHA Haraam E-Numbers page (E120),,
cognac,haram,T2_SCRIPTURAL,"Quran, Al-Ma'idah 5:90-91 (definitive prohibition of khamr/intoxicants); earlier stages in Al-Baqarah 2:219 and An-Nisa 4:43",,
e120,haram,T1_CERTIFIER_RULING,SANHA Haraam E-Numbers page: 'From insect Cochineal',,
gammon,haram,T2_SCRIPTURAL,"Quran, Al-Baqarah 2:173, Al-Ma'idah 5:3, Al-An'am 6:145, An-Nahl 16:115 (swine flesh prohibition, stated in all four)",,
guanciale,haram,T2_SCRIPTURAL,"Quran, Al-Baqarah 2:173, Al-Ma'idah 5:3, Al-An'am 6:145, An-Nahl 16:115 (swine flesh prohibition, stated in all four)",,
ham,haram,T2_SCRIPTURAL,"Quran, Al-Baqarah 2:173, Al-Ma'idah 5:3, Al-An'am 6:145, An-Nahl 16:115 (swine flesh prohibition, stated in all four)",,
kirsch,haram,T2_SCRIPTURAL,"Quran, Al-Ma'idah 5:90-91 (definitive prohibition of khamr/intoxicants); earlier stages in Al-Baqarah 2:219 and An-Nisa 4:43",,
lard,haram,T2_SCRIPTURAL,"Quran, Al-Baqarah 2:173, Al-Ma'idah 5:3, Al-An'am 6:145, An-Nahl 16:115 (swine flesh prohibition, stated in all four)",,
liqueur,haram,T2_SCRIPTURAL,"Quran, Al-Ma'idah 5:90-91 (definitive prohibition of khamr/intoxicants); earlier stages in Al-Baqarah 2:219 and An-Nisa 4:43",,
liquor,haram,T2_SCRIPTURAL,"Quran, Al-Ma'idah 5:90-91 (definitive prohibition of khamr/intoxicants); earlier stages in Al-Baqarah 2:219 and An-Nisa 4:43",,
marsala,haram,T2_SCRIPTURAL,"Quran, Al-Ma'idah 5:90-91 (definitive prohibition of khamr/intoxicants); earlier stages in Al-Baqarah 2:219 and An-Nisa 4:43",,
pancetta,haram,T2_SCRIPTURAL,"Quran, Al-Baqarah 2:173, Al-Ma'idah 5:3, Al-An'am 6:145, An-Nahl 16:115 (swine flesh prohibition, stated in all four)",,
pig,haram,T2_SCRIPTURAL,"Quran, Al-Baqarah 2:173, Al-Ma'idah 5:3, Al-An'am 6:145, An-Nahl 16:115 (swine flesh prohibition, stated in all four)",,
piggy,haram,T2_SCRIPTURAL,"Quran, Al-Baqarah 2:173, Al-Ma'idah 5:3, Al-An'am 6:145, An-Nahl 16:115 (swine flesh prohibition, stated in all four)",,
porcine,haram,T1_CERTIFIER_RULING,Technical term for swine-derived material; used by SANHA in gelatine guidance,,
pork,haram,T2_SCRIPTURAL,"Quran, Al-Baqarah 2:173, Al-Ma'idah 5:3, Al-An'am 6:145, An-Nahl 16:115 (swine flesh prohibition, stated in all four)",,
prosciutto,haram,T2_SCRIPTURAL,"Quran, Al-Baqarah 2:173, Al-Ma'idah 5:3, Al-An'am 6:145, An-Nahl 16:115 (swine flesh prohibition, stated in all four)",,
rum,haram,T2_SCRIPTURAL,"Quran, Al-Ma'idah 5:90-91 (definitive prohibition of khamr/intoxicants); earlier stages in Al-Baqarah 2:219 and An-Nisa 4:43",,
sake,haram,T2_SCRIPTURAL,"Quran, Al-Ma'idah 5:90-91 (definitive prohibition of khamr/intoxicants); earlier stages in Al-Baqarah 2:219 and An-Nisa 4:43",,
sherry,haram,T2_SCRIPTURAL,"Quran, Al-Ma'idah 5:90-91 (definitive prohibition of khamr/intoxicants); earlier stages in Al-Baqarah 2:219 and An-Nisa 4:43",,
speck,haram,T2_SCRIPTURAL,"Quran, Al-Baqarah 2:173, Al-Ma'idah 5:3, Al-An'am 6:145, An-Nahl 16:115 (swine flesh prohibition, stated in all four)",,
swine,haram,T2_SCRIPTURAL,"Quran, Al-Baqarah 2:173, Al-Ma'idah 5:3, Al-An'am 6:145, An-Nahl 16:115 (swine flesh prohibition, stated in all four)",,
vodka,haram,T2_SCRIPTURAL,"Quran, Al-Ma'idah 5:90-91 (definitive prohibition of khamr/intoxicants); earlier stages in Al-Baqarah 2:219 and An-Nisa 4:43",,
whiskey,haram,T2_SCRIPTURAL,"Quran, Al-Ma'idah 5:90-91 (definitive prohibition of khamr/intoxicants); earlier stages in Al-Baqarah 2:219 and An-Nisa 4:43",,
whisky,haram,T2_SCRIPTURAL,"Quran, Al-Ma'idah 5:90-91 (definitive prohibition of khamr/intoxicants); earlier stages in Al-Baqarah 2:219 and An-Nisa 4:43",,
wine,haram,T2_SCRIPTURAL,"Quran, Al-Ma'idah 5:90-91 (definitive prohibition of khamr/intoxicants); earlier stages in Al-Baqarah 2:219 and An-Nisa 4:43","Operational note: SANHA holds vinegar halal, so 'wine vinegar' is handled as a coded exception, not a tier change to the base term.",
agar,halal,T1_CERTIFIER_RULING,"SANHA Halal E-Numbers list, E406 Agar Agar",,
agar-agar,halal,T3_PRINCIPLE,"al-asl fi al-ashya' al-ibahah (default state of things is permissibility), grounded in Al-A'raf 7:157. Confirmed by Prof. Husna for plant-based ingredients. Institutionally corroborated by JAKIM: MHMS 2020 (Sistem Pengurusan Halal Malaysia), Lampiran J 'Senarai Utama Bahan Mentah', classifies raw materials of source 'Tumbuhan'/'Semulajadi' (plant/natural) as requiring no halal certificate -- supporting documents recorded as 'Tidak berkaitan' (not applicable).",,
ascorbic acid,halal,T1_CERTIFIER_RULING,SANHA Halaal E-Numbers page (E300),,
baking soda,halal,T1_CERTIFIER_RULING,"SANHA Halal E-Numbers list, E500 Sodium Bicarbonate",,
barley,halal,T3_PRINCIPLE,"al-asl fi al-ashya' al-ibahah (default state of things is permissibility), grounded in Al-A'raf 7:157. Confirmed by Prof. Husna for plant-based ingredients. Institutionally corroborated by JAKIM: MHMS 2020 (Sistem Pengurusan Halal Malaysia), Lampiran J 'Senarai Utama Bahan Mentah', classifies raw materials of source 'Tumbuhan'/'Semulajadi' (plant/natural) as requiring no halal certificate -- supporting documents recorded as 'Tidak berkaitan' (not applicable).",,
canola oil,halal,T3_PRINCIPLE,"al-asl fi al-ashya' al-ibahah (default state of things is permissibility), grounded in Al-A'raf 7:157. Confirmed by Prof. Husna for plant-based ingredients. Institutionally corroborated by JAKIM: MHMS 2020 (Sistem Pengurusan Halal Malaysia), Lampiran J 'Senarai Utama Bahan Mentah', classifies raw materials of source 'Tumbuhan'/'Semulajadi' (plant/natural) as requiring no halal certificate -- supporting documents recorded as 'Tidak berkaitan' (not applicable).",,
carrageenan,halal,T1_CERTIFIER_RULING,SANHA Halaal E-Numbers page (E407); seaweed-derived,,
citric acid,halal,T1_CERTIFIER_RULING,SANHA Halaal E-Numbers page (E330),,
cocoa,halal,T3_PRINCIPLE,"al-asl fi al-ashya' al-ibahah (default state of things is permissibility), grounded in Al-A'raf 7:157. Confirmed by Prof. Husna for plant-based ingredients. Institutionally corroborated by JAKIM: MHMS 2020 (Sistem Pengurusan Halal Malaysia), Lampiran J 'Senarai Utama Bahan Mentah', classifies raw materials of source 'Tumbuhan'/'Semulajadi' (plant/natural) as requiring no halal certificate -- supporting documents recorded as 'Tidak berkaitan' (not applicable).",,
cocoa butter,halal,T3_PRINCIPLE,"al-asl fi al-ashya' al-ibahah, grounded in Al-A'raf 7:157. Plant-derived despite the word 'butter' in the name -- JAKIM MHMS 2020 Lampiran J classes plant sources ('Tumbuhan') as certification-not-applicable. Listed explicitly so the dairy 'butter' rule does not capture these by substring.",,
coconut oil,halal,T3_PRINCIPLE,"al-asl fi al-ashya' al-ibahah (default state of things is permissibility), grounded in Al-A'raf 7:157. Confirmed by Prof. Husna for plant-based ingredients. Institutionally corroborated by JAKIM: MHMS 2020 (Sistem Pengurusan Halal Malaysia), Lampiran J 'Senarai Utama Bahan Mentah', classifies raw materials of source 'Tumbuhan'/'Semulajadi' (plant/natural) as requiring no halal certificate -- supporting documents recorded as 'Tidak berkaitan' (not applicable).",,
corn starch,halal,T3_PRINCIPLE,"al-asl fi al-ashya' al-ibahah (default state of things is permissibility), grounded in Al-A'raf 7:157. Confirmed by Prof. Husna for plant-based ingredients. Institutionally corroborated by JAKIM: MHMS 2020 (Sistem Pengurusan Halal Malaysia), Lampiran J 'Senarai Utama Bahan Mentah', classifies raw materials of source 'Tumbuhan'/'Semulajadi' (plant/natural) as requiring no halal certificate -- supporting documents recorded as 'Tidak berkaitan' (not applicable).",,
cornstarch,halal,T3_PRINCIPLE,"al-asl fi al-ashya' al-ibahah (default state of things is permissibility), grounded in Al-A'raf 7:157. Confirmed by Prof. Husna for plant-based ingredients. Institutionally corroborated by JAKIM: MHMS 2020 (Sistem Pengurusan Halal Malaysia), Lampiran J 'Senarai Utama Bahan Mentah', classifies raw materials of source 'Tumbuhan'/'Semulajadi' (plant/natural) as requiring no halal certificate -- supporting documents recorded as 'Tidak berkaitan' (not applicable).",,
curcumin,halal,T1_CERTIFIER_RULING,SANHA Halaal E-Numbers page (E100),,
dextrose,halal,T3_PRINCIPLE,"al-asl fi al-ashya' al-ibahah (default state of things is permissibility), grounded in Al-A'raf 7:157. Confirmed by Prof. Husna for plant-based ingredients. Institutionally corroborated by JAKIM: MHMS 2020 (Sistem Pengurusan Halal Malaysia), Lampiran J 'Senarai Utama Bahan Mentah', classifies raw materials of source 'Tumbuhan'/'Semulajadi' (plant/natural) as requiring no halal certificate -- supporting documents recorded as 'Tidak berkaitan' (not applicable).",,
e100,halal,T1_CERTIFIER_RULING,SANHA Halaal E-Numbers page (Curcurmin),,
e300,halal,T1_CERTIFIER_RULING,SANHA Halaal E-Numbers page,,
e330,halal,T1_CERTIFIER_RULING,"SANHA: 'Status: Halaal, Source: microbiological fermentation; citrus fruits'",,
e407,halal,T1_CERTIFIER_RULING,SANHA Halaal E-Numbers page,,
e415,halal,T1_CERTIFIER_RULING,SANHA Halaal E-Numbers page,,
e904,halal,T1_CERTIFIER_RULING,SANHA E904 page: 'Status: Halaal' (resin of lac insect),,
fructose,halal,T3_PRINCIPLE,"al-asl fi al-ashya' al-ibahah (default state of things is permissibility), grounded in Al-A'raf 7:157. Confirmed by Prof. Husna for plant-based ingredients. Institutionally corroborated by JAKIM: MHMS 2020 (Sistem Pengurusan Halal Malaysia), Lampiran J 'Senarai Utama Bahan Mentah', classifies raw materials of source 'Tumbuhan'/'Semulajadi' (plant/natural) as requiring no halal certificate -- supporting documents recorded as 'Tidak berkaitan' (not applicable).",,
guar gum,halal,T1_CERTIFIER_RULING,"SANHA Halal E-Numbers list, E412 Guar Gum",,
maltodextrin,halal,T3_PRINCIPLE,"al-asl fi al-ashya' al-ibahah (default state of things is permissibility), grounded in Al-A'raf 7:157. Confirmed by Prof. Husna for plant-based ingredients. Institutionally corroborated by JAKIM: MHMS 2020 (Sistem Pengurusan Halal Malaysia), Lampiran J 'Senarai Utama Bahan Mentah', classifies raw materials of source 'Tumbuhan'/'Semulajadi' (plant/natural) as requiring no halal certificate -- supporting documents recorded as 'Tidak berkaitan' (not applicable).",,
oat,halal,T3_PRINCIPLE,"al-asl fi al-ashya' al-ibahah (default state of things is permissibility), grounded in Al-A'raf 7:157. Confirmed by Prof. Husna for plant-based ingredients. Institutionally corroborated by JAKIM: MHMS 2020 (Sistem Pengurusan Halal Malaysia), Lampiran J 'Senarai Utama Bahan Mentah', classifies raw materials of source 'Tumbuhan'/'Semulajadi' (plant/natural) as requiring no halal certificate -- supporting documents recorded as 'Tidak berkaitan' (not applicable).",,
olive oil,halal,T3_PRINCIPLE,"al-asl fi al-ashya' al-ibahah (default state of things is permissibility), grounded in Al-A'raf 7:157. Confirmed by Prof. Husna for plant-based ingredients. Institutionally corroborated by JAKIM: MHMS 2020 (Sistem Pengurusan Halal Malaysia), Lampiran J 'Senarai Utama Bahan Mentah', classifies raw materials of source 'Tumbuhan'/'Semulajadi' (plant/natural) as requiring no halal certificate -- supporting documents recorded as 'Tidak berkaitan' (not applicable).",,
palm oil,halal,T3_PRINCIPLE,"al-asl fi al-ashya' al-ibahah (default state of things is permissibility), grounded in Al-A'raf 7:157. Confirmed by Prof. Husna for plant-based ingredients. Institutionally corroborated by JAKIM: MHMS 2020 (Sistem Pengurusan Halal Malaysia), Lampiran J 'Senarai Utama Bahan Mentah', classifies raw materials of source 'Tumbuhan'/'Semulajadi' (plant/natural) as requiring no halal certificate -- supporting documents recorded as 'Tidak berkaitan' (not applicable).",,
pectin,halal,T1_CERTIFIER_RULING,SANHA Halaal E-Numbers page lists E440(a) Pectin as Halaal,,
rapeseed oil,halal,T3_PRINCIPLE,"al-asl fi al-ashya' al-ibahah (default state of things is permissibility), grounded in Al-A'raf 7:157. Confirmed by Prof. Husna for plant-based ingredients. Institutionally corroborated by JAKIM: MHMS 2020 (Sistem Pengurusan Halal Malaysia), Lampiran J 'Senarai Utama Bahan Mentah', classifies raw materials of source 'Tumbuhan'/'Semulajadi' (plant/natural) as requiring no halal certificate -- supporting documents recorded as 'Tidak berkaitan' (not applicable).",,
rice flour,halal,T3_PRINCIPLE,"al-asl fi al-ashya' al-ibahah (default state of things is permissibility), grounded in Al-A'raf 7:157. Confirmed by Prof. Husna for plant-based ingredients. Institutionally corroborated by JAKIM: MHMS 2020 (Sistem Pengurusan Halal Malaysia), Lampiran J 'Senarai Utama Bahan Mentah', classifies raw materials of source 'Tumbuhan'/'Semulajadi' (plant/natural) as requiring no halal certificate -- supporting documents recorded as 'Tidak berkaitan' (not applicable).",,
salt,halal,T3_PRINCIPLE,"al-asl fi al-ashya' al-ibahah (default state of things is permissibility), grounded in Al-A'raf 7:157. Confirmed by Prof. Husna. Institutionally corroborated by JAKIM: MHMS 2020, Lampiran J, records source 'Kimia' (chemical/synthetic) as holding no halal certificate ('Tiada'), verified instead via MSDS/CoO documentation rather than certification.",,
sea salt,halal,T3_PRINCIPLE,"al-asl fi al-ashya' al-ibahah (default state of things is permissibility), grounded in Al-A'raf 7:157. Confirmed by Prof. Husna. Institutionally corroborated by JAKIM: MHMS 2020, Lampiran J, records source 'Kimia' (chemical/synthetic) as holding no halal certificate ('Tiada'), verified instead via MSDS/CoO documentation rather than certification.",,
sesame oil,halal,T3_PRINCIPLE,"al-asl fi al-ashya' al-ibahah (default state of things is permissibility), grounded in Al-A'raf 7:157. Confirmed by Prof. Husna for plant-based ingredients. Institutionally corroborated by JAKIM: MHMS 2020 (Sistem Pengurusan Halal Malaysia), Lampiran J 'Senarai Utama Bahan Mentah', classifies raw materials of source 'Tumbuhan'/'Semulajadi' (plant/natural) as requiring no halal certificate -- supporting documents recorded as 'Tidak berkaitan' (not applicable).",,
shellac,halal,T1_CERTIFIER_RULING,SANHA E904 page,,
sodium bicarbonate,halal,T1_CERTIFIER_RULING,"SANHA Halal E-Numbers list, E500 Sodium Bicarbonate",,
soy flour,halal,T3_PRINCIPLE,"al-asl fi al-ashya' al-ibahah (default state of things is permissibility), grounded in Al-A'raf 7:157. Confirmed by Prof. Husna for plant-based ingredients. Institutionally corroborated by JAKIM: MHMS 2020 (Sistem Pengurusan Halal Malaysia), Lampiran J 'Senarai Utama Bahan Mentah', classifies raw materials of source 'Tumbuhan'/'Semulajadi' (plant/natural) as requiring no halal certificate -- supporting documents recorded as 'Tidak berkaitan' (not applicable).",,
sugar,halal,T3_PRINCIPLE,"al-asl fi al-ashya' al-ibahah (default state of things is permissibility), grounded in Al-A'raf 7:157. Confirmed by Prof. Husna for plant-based ingredients. Institutionally corroborated by JAKIM: MHMS 2020 (Sistem Pengurusan Halal Malaysia), Lampiran J 'Senarai Utama Bahan Mentah', classifies raw materials of source 'Tumbuhan'/'Semulajadi' (plant/natural) as requiring no halal certificate -- supporting documents recorded as 'Tidak berkaitan' (not applicable).",,
sunflower oil,halal,T3_PRINCIPLE,"al-asl fi al-ashya' al-ibahah (default state of things is permissibility), grounded in Al-A'raf 7:157. Confirmed by Prof. Husna for plant-based ingredients. Institutionally corroborated by JAKIM: MHMS 2020 (Sistem Pengurusan Halal Malaysia), Lampiran J 'Senarai Utama Bahan Mentah', classifies raw materials of source 'Tumbuhan'/'Semulajadi' (plant/natural) as requiring no halal certificate -- supporting documents recorded as 'Tidak berkaitan' (not applicable).",,
vinegar,halal,T1_CERTIFIER_RULING,"SANHA FAQ: ""Wine is Haraam & Vinegar is Halaal"". Overrides the wine trigger in compounds like wine vinegar",,
water,halal,T3_PRINCIPLE,"al-asl fi al-ashya' al-ibahah (default state of things is permissibility), grounded in Al-A'raf 7:157. Confirmed by Prof. Husna. Institutionally corroborated by JAKIM: MHMS 2020, Lampiran J, records source 'Kimia' (chemical/synthetic) as holding no halal certificate ('Tiada'), verified instead via MSDS/CoO documentation rather than certification.",,
wheat flour,halal,T3_PRINCIPLE,"al-asl fi al-ashya' al-ibahah (default state of things is permissibility), grounded in Al-A'raf 7:157. Confirmed by Prof. Husna for plant-based ingredients. Institutionally corroborated by JAKIM: MHMS 2020 (Sistem Pengurusan Halal Malaysia), Lampiran J 'Senarai Utama Bahan Mentah', classifies raw materials of source 'Tumbuhan'/'Semulajadi' (plant/natural) as requiring no halal certificate -- supporting documents recorded as 'Tidak berkaitan' (not applicable).",,
xanthan gum,halal,T1_CERTIFIER_RULING,SANHA Halaal E-Numbers page (E415); microbial fermentation,,
yeast extract,halal,T3_PRINCIPLE,"al-asl fi al-ashya' al-ibahah (default state of things is permissibility), grounded in Al-A'raf 7:157. Confirmed by Prof. Husna. Institutionally corroborated by JAKIM: MHMS 2020, Lampiran J, records source 'Kimia' (chemical/synthetic) as holding no halal certificate ('Tiada'), verified instead via MSDS/CoO documentation rather than certification.",,
bratwurst,syubhah,T4_JUDGMENT,Traditionally swine sausage,Engineering decision: avoids false-positive haram on beef salami etc. Categorisation (doubtful/syubhah) confirmed by Prof. Husna.,
chorizo,syubhah,T4_JUDGMENT,Traditionally swine-based; NOTE beef/chicken chorizo exists -- possible false positive,Engineering decision: avoids false-positive haram on beef salami etc. Categorisation (doubtful/syubhah) confirmed by Prof. Husna.,
frankfurter,syubhah,T4_JUDGMENT,Traditionally swine/alcohol based but halal variants exist,Engineering decision: avoids false-positive haram on beef salami etc. Categorisation (doubtful/syubhah) confirmed by Prof. Husna.,
mirin,syubhah,T4_JUDGMENT,Japanese rice wine; NOTE non-alcoholic 'mirin-style' seasoning exists,Engineering decision: avoids false-positive haram on beef salami etc. Categorisation (doubtful/syubhah) confirmed by Prof. Husna.,
pepperoni,syubhah,T4_JUDGMENT,Traditionally swine/beef blend; NOTE halal beef pepperoni exists -- possible false positive,Engineering decision: avoids false-positive haram on beef salami etc. Categorisation (doubtful/syubhah) confirmed by Prof. Husna.,
salami,syubhah,T4_JUDGMENT,Traditionally swine-based; NOTE beef/turkey salami exists -- possible false positive,Engineering decision: avoids false-positive haram on beef salami etc. Categorisation (doubtful/syubhah) confirmed by Prof. Husna.,
rice,halal,T3_PRINCIPLE,"al-asl fi al-ashya' al-ibahah (default state of things is permissibility), grounded in Al-A'raf 7:157. Confirmed by Prof. Husna for plant-based ingredients. Institutionally corroborated by JAKIM: MHMS 2020 (Sistem Pengurusan Halal Malaysia), Lampiran J 'Senarai Utama Bahan Mentah', classifies raw materials of source 'Tumbuhan'/'Semulajadi' (plant/natural) as requiring no halal certificate -- supporting documents recorded as 'Tidak berkaitan' (not applicable).",,
wheat,halal,T3_PRINCIPLE,"al-asl fi al-ashya' al-ibahah (default state of things is permissibility), grounded in Al-A'raf 7:157. Confirmed by Prof. Husna for plant-based ingredients. Institutionally corroborated by JAKIM: MHMS 2020 (Sistem Pengurusan Halal Malaysia), Lampiran J 'Senarai Utama Bahan Mentah', classifies raw materials of source 'Tumbuhan'/'Semulajadi' (plant/natural) as requiring no halal certificate -- supporting documents recorded as 'Tidak berkaitan' (not applicable).",,
oats,halal,T3_PRINCIPLE,"al-asl fi al-ashya' al-ibahah (default state of things is permissibility), grounded in Al-A'raf 7:157. Confirmed by Prof. Husna for plant-based ingredients. Institutionally corroborated by JAKIM: MHMS 2020 (Sistem Pengurusan Halal Malaysia), Lampiran J 'Senarai Utama Bahan Mentah', classifies raw materials of source 'Tumbuhan'/'Semulajadi' (plant/natural) as requiring no halal certificate -- supporting documents recorded as 'Tidak berkaitan' (not applicable).",,
maize,halal,T3_PRINCIPLE,"al-asl fi al-ashya' al-ibahah (default state of things is permissibility), grounded in Al-A'raf 7:157. Confirmed by Prof. Husna for plant-based ingredients. Institutionally corroborated by JAKIM: MHMS 2020 (Sistem Pengurusan Halal Malaysia), Lampiran J 'Senarai Utama Bahan Mentah', classifies raw materials of source 'Tumbuhan'/'Semulajadi' (plant/natural) as requiring no halal certificate -- supporting documents recorded as 'Tidak berkaitan' (not applicable).",,
corn,halal,T3_PRINCIPLE,"al-asl fi al-ashya' al-ibahah (default state of things is permissibility), grounded in Al-A'raf 7:157. Confirmed by Prof. Husna for plant-based ingredients. Institutionally corroborated by JAKIM: MHMS 2020 (Sistem Pengurusan Halal Malaysia), Lampiran J 'Senarai Utama Bahan Mentah', classifies raw materials of source 'Tumbuhan'/'Semulajadi' (plant/natural) as requiring no halal certificate -- supporting documents recorded as 'Tidak berkaitan' (not applicable).",,
barley flour,halal,T3_PRINCIPLE,"al-asl fi al-ashya' al-ibahah (default state of things is permissibility), grounded in Al-A'raf 7:157. Confirmed by Prof. Husna for plant-based ingredients. Institutionally corroborated by JAKIM: MHMS 2020 (Sistem Pengurusan Halal Malaysia), Lampiran J 'Senarai Utama Bahan Mentah', classifies raw materials of source 'Tumbuhan'/'Semulajadi' (plant/natural) as requiring no halal certificate -- supporting documents recorded as 'Tidak berkaitan' (not applicable).",,
semolina,halal,T3_PRINCIPLE,"al-asl fi al-ashya' al-ibahah (default state of things is permissibility), grounded in Al-A'raf 7:157. Confirmed by Prof. Husna for plant-based ingredients. Institutionally corroborated by JAKIM: MHMS 2020 (Sistem Pengurusan Halal Malaysia), Lampiran J 'Senarai Utama Bahan Mentah', classifies raw materials of source 'Tumbuhan'/'Semulajadi' (plant/natural) as requiring no halal certificate -- supporting documents recorded as 'Tidak berkaitan' (not applicable).",,
tapioca,halal,T3_PRINCIPLE,"al-asl fi al-ashya' al-ibahah (default state of things is permissibility), grounded in Al-A'raf 7:157. Confirmed by Prof. Husna for plant-based ingredients. Institutionally corroborated by JAKIM: MHMS 2020 (Sistem Pengurusan Halal Malaysia), Lampiran J 'Senarai Utama Bahan Mentah', classifies raw materials of source 'Tumbuhan'/'Semulajadi' (plant/natural) as requiring no halal certificate -- supporting documents recorded as 'Tidak berkaitan' (not applicable).",,
almond,halal,T3_PRINCIPLE,"al-asl fi al-ashya' al-ibahah (default state of things is permissibility), grounded in Al-A'raf 7:157. Confirmed by Prof. Husna for plant-based ingredients. Institutionally corroborated by JAKIM: MHMS 2020 (Sistem Pengurusan Halal Malaysia), Lampiran J 'Senarai Utama Bahan Mentah', classifies raw materials of source 'Tumbuhan'/'Semulajadi' (plant/natural) as requiring no halal certificate -- supporting documents recorded as 'Tidak berkaitan' (not applicable).",,
almonds,halal,T3_PRINCIPLE,"al-asl fi al-ashya' al-ibahah (default state of things is permissibility), grounded in Al-A'raf 7:157. Confirmed by Prof. Husna for plant-based ingredients. Institutionally corroborated by JAKIM: MHMS 2020 (Sistem Pengurusan Halal Malaysia), Lampiran J 'Senarai Utama Bahan Mentah', classifies raw materials of source 'Tumbuhan'/'Semulajadi' (plant/natural) as requiring no halal certificate -- supporting documents recorded as 'Tidak berkaitan' (not applicable).",,
cashew,halal,T3_PRINCIPLE,"al-asl fi al-ashya' al-ibahah (default state of things is permissibility), grounded in Al-A'raf 7:157. Confirmed by Prof. Husna for plant-based ingredients. Institutionally corroborated by JAKIM: MHMS 2020 (Sistem Pengurusan Halal Malaysia), Lampiran J 'Senarai Utama Bahan Mentah', classifies raw materials of source 'Tumbuhan'/'Semulajadi' (plant/natural) as requiring no halal certificate -- supporting documents recorded as 'Tidak berkaitan' (not applicable).",,
hazelnut,halal,T3_PRINCIPLE,"al-asl fi al-ashya' al-ibahah (default state of things is permissibility), grounded in Al-A'raf 7:157. Confirmed by Prof. Husna for plant-based ingredients. Institutionally corroborated by JAKIM: MHMS 2020 (Sistem Pengurusan Halal Malaysia), Lampiran J 'Senarai Utama Bahan Mentah', classifies raw materials of source 'Tumbuhan'/'Semulajadi' (plant/natural) as requiring no halal certificate -- supporting documents recorded as 'Tidak berkaitan' (not applicable).",,
walnut,halal,T3_PRINCIPLE,"al-asl fi al-ashya' al-ibahah (default state of things is permissibility), grounded in Al-A'raf 7:157. Confirmed by Prof. Husna for plant-based ingredients. Institutionally corroborated by JAKIM: MHMS 2020 (Sistem Pengurusan Halal Malaysia), Lampiran J 'Senarai Utama Bahan Mentah', classifies raw materials of source 'Tumbuhan'/'Semulajadi' (plant/natural) as requiring no halal certificate -- supporting documents recorded as 'Tidak berkaitan' (not applicable).",,
peanut,halal,T3_PRINCIPLE,"al-asl fi al-ashya' al-ibahah (default state of things is permissibility), grounded in Al-A'raf 7:157. Confirmed by Prof. Husna for plant-based ingredients. Institutionally corroborated by JAKIM: MHMS 2020 (Sistem Pengurusan Halal Malaysia), Lampiran J 'Senarai Utama Bahan Mentah', classifies raw materials of source 'Tumbuhan'/'Semulajadi' (plant/natural) as requiring no halal certificate -- supporting documents recorded as 'Tidak berkaitan' (not applicable).",,
peanuts,halal,T3_PRINCIPLE,"al-asl fi al-ashya' al-ibahah (default state of things is permissibility), grounded in Al-A'raf 7:157. Confirmed by Prof. Husna for plant-based ingredients. Institutionally corroborated by JAKIM: MHMS 2020 (Sistem Pengurusan Halal Malaysia), Lampiran J 'Senarai Utama Bahan Mentah', classifies raw materials of source 'Tumbuhan'/'Semulajadi' (plant/natural) as requiring no halal certificate -- supporting documents recorded as 'Tidak berkaitan' (not applicable).",,
nuts,halal,T3_PRINCIPLE,"al-asl fi al-ashya' al-ibahah (default state of things is permissibility), grounded in Al-A'raf 7:157. Confirmed by Prof. Husna for plant-based ingredients. Institutionally corroborated by JAKIM: MHMS 2020 (Sistem Pengurusan Halal Malaysia), Lampiran J 'Senarai Utama Bahan Mentah', classifies raw materials of source 'Tumbuhan'/'Semulajadi' (plant/natural) as requiring no halal certificate -- supporting documents recorded as 'Tidak berkaitan' (not applicable).",,
potato,halal,T3_PRINCIPLE,"al-asl fi al-ashya' al-ibahah (default state of things is permissibility), grounded in Al-A'raf 7:157. Confirmed by Prof. Husna for plant-based ingredients. Institutionally corroborated by JAKIM: MHMS 2020 (Sistem Pengurusan Halal Malaysia), Lampiran J 'Senarai Utama Bahan Mentah', classifies raw materials of source 'Tumbuhan'/'Semulajadi' (plant/natural) as requiring no halal certificate -- supporting documents recorded as 'Tidak berkaitan' (not applicable).",,
potatoes,halal,T3_PRINCIPLE,"al-asl fi al-ashya' al-ibahah (default state of things is permissibility), grounded in Al-A'raf 7:157. Confirmed by Prof. Husna for plant-based ingredients. Institutionally corroborated by JAKIM: MHMS 2020 (Sistem Pengurusan Halal Malaysia), Lampiran J 'Senarai Utama Bahan Mentah', classifies raw materials of source 'Tumbuhan'/'Semulajadi' (plant/natural) as requiring no halal certificate -- supporting documents recorded as 'Tidak berkaitan' (not applicable).",,
tomato,halal,T3_PRINCIPLE,"al-asl fi al-ashya' al-ibahah (default state of things is permissibility), grounded in Al-A'raf 7:157. Confirmed by Prof. Husna for plant-based ingredients. Institutionally corroborated by JAKIM: MHMS 2020 (Sistem Pengurusan Halal Malaysia), Lampiran J 'Senarai Utama Bahan Mentah', classifies raw materials of source 'Tumbuhan'/'Semulajadi' (plant/natural) as requiring no halal certificate -- supporting documents recorded as 'Tidak berkaitan' (not applicable).",,
onion,halal,T3_PRINCIPLE,"al-asl fi al-ashya' al-ibahah (default state of things is permissibility), grounded in Al-A'raf 7:157. Confirmed by Prof. Husna for plant-based ingredients. Institutionally corroborated by JAKIM: MHMS 2020 (Sistem Pengurusan Halal Malaysia), Lampiran J 'Senarai Utama Bahan Mentah', classifies raw materials of source 'Tumbuhan'/'Semulajadi' (plant/natural) as requiring no halal certificate -- supporting documents recorded as 'Tidak berkaitan' (not applicable).",,
garlic,halal,T3_PRINCIPLE,"al-asl fi al-ashya' al-ibahah (default state of things is permissibility), grounded in Al-A'raf 7:157. Confirmed by Prof. Husna for plant-based ingredients. Institutionally corroborated by JAKIM: MHMS 2020 (Sistem Pengurusan Halal Malaysia), Lampiran J 'Senarai Utama Bahan Mentah', classifies raw materials of source 'Tumbuhan'/'Semulajadi' (plant/natural) as requiring no halal certificate -- supporting documents recorded as 'Tidak berkaitan' (not applicable).",,
carrot,halal,T3_PRINCIPLE,"al-asl fi al-ashya' al-ibahah (default state of things is permissibility), grounded in Al-A'raf 7:157. Confirmed by Prof. Husna for plant-based ingredients. Institutionally corroborated by JAKIM: MHMS 2020 (Sistem Pengurusan Halal Malaysia), Lampiran J 'Senarai Utama Bahan Mentah', classifies raw materials of source 'Tumbuhan'/'Semulajadi' (plant/natural) as requiring no halal certificate -- supporting documents recorded as 'Tidak berkaitan' (not applicable).",,
apple,halal,T3_PRINCIPLE,"al-asl fi al-ashya' al-ibahah (default state of things is permissibility), grounded in Al-A'raf 7:157. Confirmed by Prof. Husna for plant-based ingredients. Institutionally corroborated by JAKIM: MHMS 2020 (Sistem Pengurusan Halal Malaysia), Lampiran J 'Senarai Utama Bahan Mentah', classifies raw materials of source 'Tumbuhan'/'Semulajadi' (plant/natural) as requiring no halal certificate -- supporting documents recorded as 'Tidak berkaitan' (not applicable).",,
orange,halal,T3_PRINCIPLE,"al-asl fi al-ashya' al-ibahah (default state of things is permissibility), grounded in Al-A'raf 7:157. Confirmed by Prof. Husna for plant-based ingredients. Institutionally corroborated by JAKIM: MHMS 2020 (Sistem Pengurusan Halal Malaysia), Lampiran J 'Senarai Utama Bahan Mentah', classifies raw materials of source 'Tumbuhan'/'Semulajadi' (plant/natural) as requiring no halal certificate -- supporting documents recorded as 'Tidak berkaitan' (not applicable).",,
glucose syrup,halal,T3_PRINCIPLE,"al-asl fi al-ashya' al-ibahah (default state of things is permissibility), grounded in Al-A'raf 7:157. Confirmed by Prof. Husna for plant-based ingredients. Institutionally corroborated by JAKIM: MHMS 2020 (Sistem Pengurusan Halal Malaysia), Lampiran J 'Senarai Utama Bahan Mentah', classifies raw materials of source 'Tumbuhan'/'Semulajadi' (plant/natural) as requiring no halal certificate -- supporting documents recorded as 'Tidak berkaitan' (not applicable).",,
glucose,halal,T3_PRINCIPLE,"al-asl fi al-ashya' al-ibahah (default state of things is permissibility), grounded in Al-A'raf 7:157. Confirmed by Prof. Husna for plant-based ingredients. Institutionally corroborated by JAKIM: MHMS 2020 (Sistem Pengurusan Halal Malaysia), Lampiran J 'Senarai Utama Bahan Mentah', classifies raw materials of source 'Tumbuhan'/'Semulajadi' (plant/natural) as requiring no halal certificate -- supporting documents recorded as 'Tidak berkaitan' (not applicable).",,
corn syrup,halal,T3_PRINCIPLE,"al-asl fi al-ashya' al-ibahah (default state of things is permissibility), grounded in Al-A'raf 7:157. Confirmed by Prof. Husna for plant-based ingredients. Institutionally corroborated by JAKIM: MHMS 2020 (Sistem Pengurusan Halal Malaysia), Lampiran J 'Senarai Utama Bahan Mentah', classifies raw materials of source 'Tumbuhan'/'Semulajadi' (plant/natural) as requiring no halal certificate -- supporting documents recorded as 'Tidak berkaitan' (not applicable).",,
invert sugar,halal,T3_PRINCIPLE,"al-asl fi al-ashya' al-ibahah (default state of things is permissibility), grounded in Al-A'raf 7:157. Confirmed by Prof. Husna for plant-based ingredients. Institutionally corroborated by JAKIM: MHMS 2020 (Sistem Pengurusan Halal Malaysia), Lampiran J 'Senarai Utama Bahan Mentah', classifies raw materials of source 'Tumbuhan'/'Semulajadi' (plant/natural) as requiring no halal certificate -- supporting documents recorded as 'Tidak berkaitan' (not applicable).",,
molasses,halal,T3_PRINCIPLE,"al-asl fi al-ashya' al-ibahah (default state of things is permissibility), grounded in Al-A'raf 7:157. Confirmed by Prof. Husna for plant-based ingredients. Institutionally corroborated by JAKIM: MHMS 2020 (Sistem Pengurusan Halal Malaysia), Lampiran J 'Senarai Utama Bahan Mentah', classifies raw materials of source 'Tumbuhan'/'Semulajadi' (plant/natural) as requiring no halal certificate -- supporting documents recorded as 'Tidak berkaitan' (not applicable).",,
honey,halal,T3_PRINCIPLE,"al-asl fi al-ashya' al-ibahah (default state of things is permissibility), grounded in Al-A'raf 7:157. Confirmed by Prof. Husna for plant-based ingredients. Institutionally corroborated by JAKIM: MHMS 2020 (Sistem Pengurusan Halal Malaysia), Lampiran J 'Senarai Utama Bahan Mentah', classifies raw materials of source 'Tumbuhan'/'Semulajadi' (plant/natural) as requiring no halal certificate -- supporting documents recorded as 'Tidak berkaitan' (not applicable).",,
iron,halal,T3_PRINCIPLE,"al-asl fi al-ashya' al-ibahah (default state of things is permissibility), grounded in Al-A'raf 7:157. Confirmed by Prof. Husna. Institutionally corroborated by JAKIM: MHMS 2020, Lampiran J, records source 'Kimia' (chemical/synthetic) as holding no halal certificate ('Tiada'), verified instead via MSDS/CoO documentation rather than certification.",,
calcium carbonate,halal,T1_CERTIFIER_RULING,"SANHA Halal E-Numbers list, E170 Calcium Carbonate",,
zinc,halal,T3_PRINCIPLE,"al-asl fi al-ashya' al-ibahah (default state of things is permissibility), grounded in Al-A'raf 7:157. Confirmed by Prof. Husna. Institutionally corroborated by JAKIM: MHMS 2020, Lampiran J, records source 'Kimia' (chemical/synthetic) as holding no halal certificate ('Tiada'), verified instead via MSDS/CoO documentation rather than certification.",,
magnesium,halal,T3_PRINCIPLE,"al-asl fi al-ashya' al-ibahah (default state of things is permissibility), grounded in Al-A'raf 7:157. Confirmed by Prof. Husna. Institutionally corroborated by JAKIM: MHMS 2020, Lampiran J, records source 'Kimia' (chemical/synthetic) as holding no halal certificate ('Tiada'), verified instead via MSDS/CoO documentation rather than certification.",,
potassium chloride,halal,T1_CERTIFIER_RULING,"SANHA Halal E-Numbers list, E508 Potassium Chloride",,
folic acid,halal,T3_PRINCIPLE,"al-asl fi al-ashya' al-ibahah (default state of things is permissibility), grounded in Al-A'raf 7:157. Confirmed by Prof. Husna. Institutionally corroborated by JAKIM: MHMS 2020, Lampiran J, records source 'Kimia' (chemical/synthetic) as holding no halal certificate ('Tiada'), verified instead via MSDS/CoO documentation rather than certification.",,
thiamin,halal,T3_PRINCIPLE,"al-asl fi al-ashya' al-ibahah (default state of things is permissibility), grounded in Al-A'raf 7:157. Confirmed by Prof. Husna. Institutionally corroborated by JAKIM: MHMS 2020, Lampiran J, records source 'Kimia' (chemical/synthetic) as holding no halal certificate ('Tiada'), verified instead via MSDS/CoO documentation rather than certification.",,
thiamine,halal,T3_PRINCIPLE,"al-asl fi al-ashya' al-ibahah (default state of things is permissibility), grounded in Al-A'raf 7:157. Confirmed by Prof. Husna. Institutionally corroborated by JAKIM: MHMS 2020, Lampiran J, records source 'Kimia' (chemical/synthetic) as holding no halal certificate ('Tiada'), verified instead via MSDS/CoO documentation rather than certification.",,
riboflavin,halal,T1_CERTIFIER_RULING,"SANHA Halal E-Numbers list, E101 Riboflavin",,
niacin,halal,T1_CERTIFIER_RULING,"SANHA Halal E-Numbers list, E375 Nicotinic Acid",,
biotin,halal,T3_PRINCIPLE,"al-asl fi al-ashya' al-ibahah (default state of things is permissibility), grounded in Al-A'raf 7:157. Confirmed by Prof. Husna. Institutionally corroborated by JAKIM: MHMS 2020, Lampiran J, records source 'Kimia' (chemical/synthetic) as holding no halal certificate ('Tiada'), verified instead via MSDS/CoO documentation rather than certification.",,
vitamin a,halal,T3_PRINCIPLE,"al-asl fi al-ashya' al-ibahah (default state of things is permissibility), grounded in Al-A'raf 7:157. Confirmed by Prof. Husna. Institutionally corroborated by JAKIM: MHMS 2020, Lampiran J, records source 'Kimia' (chemical/synthetic) as holding no halal certificate ('Tiada'), verified instead via MSDS/CoO documentation rather than certification.",,
vitamin b6,halal,T3_PRINCIPLE,"al-asl fi al-ashya' al-ibahah (default state of things is permissibility), grounded in Al-A'raf 7:157. Confirmed by Prof. Husna. Institutionally corroborated by JAKIM: MHMS 2020, Lampiran J, records source 'Kimia' (chemical/synthetic) as holding no halal certificate ('Tiada'), verified instead via MSDS/CoO documentation rather than certification.",,
vitamin b12,halal,T3_PRINCIPLE,"al-asl fi al-ashya' al-ibahah (default state of things is permissibility), grounded in Al-A'raf 7:157. Confirmed by Prof. Husna. Institutionally corroborated by JAKIM: MHMS 2020, Lampiran J, records source 'Kimia' (chemical/synthetic) as holding no halal certificate ('Tiada'), verified instead via MSDS/CoO documentation rather than certification.",,
vitamin c,halal,T1_CERTIFIER_RULING,"SANHA Halal E-Numbers list, E300 Vitamin C",,
vitamin d,halal,T3_PRINCIPLE,"al-asl fi al-ashya' al-ibahah (default state of things is permissibility), grounded in Al-A'raf 7:157. Confirmed by Prof. Husna. Institutionally corroborated by JAKIM: MHMS 2020, Lampiran J, records source 'Kimia' (chemical/synthetic) as holding no halal certificate ('Tiada'), verified instead via MSDS/CoO documentation rather than certification.",,
vitamin e,halal,T1_CERTIFIER_RULING,"SANHA Halal E-Numbers list, E309 Delta-Tocopherol",,
vitamins,halal,T3_PRINCIPLE,"al-asl fi al-ashya' al-ibahah (default state of things is permissibility), grounded in Al-A'raf 7:157. Confirmed by Prof. Husna. Institutionally corroborated by JAKIM: MHMS 2020, Lampiran J, records source 'Kimia' (chemical/synthetic) as holding no halal certificate ('Tiada'), verified instead via MSDS/CoO documentation rather than certification.",,
vegetable oil,halal,T3_PRINCIPLE,"al-asl fi al-ashya' al-ibahah (default state of things is permissibility), grounded in Al-A'raf 7:157. Confirmed by Prof. Husna for plant-based ingredients. Institutionally corroborated by JAKIM: MHMS 2020 (Sistem Pengurusan Halal Malaysia), Lampiran J 'Senarai Utama Bahan Mentah', classifies raw materials of source 'Tumbuhan'/'Semulajadi' (plant/natural) as requiring no halal certificate -- supporting documents recorded as 'Tidak berkaitan' (not applicable).",,
vegetable oils,halal,T3_PRINCIPLE,"al-asl fi al-ashya' al-ibahah (default state of things is permissibility), grounded in Al-A'raf 7:157. Confirmed by Prof. Husna for plant-based ingredients. Institutionally corroborated by JAKIM: MHMS 2020 (Sistem Pengurusan Halal Malaysia), Lampiran J 'Senarai Utama Bahan Mentah', classifies raw materials of source 'Tumbuhan'/'Semulajadi' (plant/natural) as requiring no halal certificate -- supporting documents recorded as 'Tidak berkaitan' (not applicable).",,
vegetable fat,halal,T3_PRINCIPLE,"al-asl fi al-ashya' al-ibahah (default state of things is permissibility), grounded in Al-A'raf 7:157. Confirmed by Prof. Husna for plant-based ingredients. Institutionally corroborated by JAKIM: MHMS 2020 (Sistem Pengurusan Halal Malaysia), Lampiran J 'Senarai Utama Bahan Mentah', classifies raw materials of source 'Tumbuhan'/'Semulajadi' (plant/natural) as requiring no halal certificate -- supporting documents recorded as 'Tidak berkaitan' (not applicable).",,
vegetable fats,halal,T3_PRINCIPLE,"al-asl fi al-ashya' al-ibahah (default state of things is permissibility), grounded in Al-A'raf 7:157. Confirmed by Prof. Husna for plant-based ingredients. Institutionally corroborated by JAKIM: MHMS 2020 (Sistem Pengurusan Halal Malaysia), Lampiran J 'Senarai Utama Bahan Mentah', classifies raw materials of source 'Tumbuhan'/'Semulajadi' (plant/natural) as requiring no halal certificate -- supporting documents recorded as 'Tidak berkaitan' (not applicable).",,
cocoa powder,halal,T3_PRINCIPLE,"al-asl fi al-ashya' al-ibahah (default state of things is permissibility), grounded in Al-A'raf 7:157. Confirmed by Prof. Husna for plant-based ingredients. Institutionally corroborated by JAKIM: MHMS 2020 (Sistem Pengurusan Halal Malaysia), Lampiran J 'Senarai Utama Bahan Mentah', classifies raw materials of source 'Tumbuhan'/'Semulajadi' (plant/natural) as requiring no halal certificate -- supporting documents recorded as 'Tidak berkaitan' (not applicable).",,
cocoa mass,halal,T3_PRINCIPLE,"al-asl fi al-ashya' al-ibahah (default state of things is permissibility), grounded in Al-A'raf 7:157. Confirmed by Prof. Husna for plant-based ingredients. Institutionally corroborated by JAKIM: MHMS 2020 (Sistem Pengurusan Halal Malaysia), Lampiran J 'Senarai Utama Bahan Mentah', classifies raw materials of source 'Tumbuhan'/'Semulajadi' (plant/natural) as requiring no halal certificate -- supporting documents recorded as 'Tidak berkaitan' (not applicable).",,
cocoa solids,halal,T3_PRINCIPLE,"al-asl fi al-ashya' al-ibahah (default state of things is permissibility), grounded in Al-A'raf 7:157. Confirmed by Prof. Husna for plant-based ingredients. Institutionally corroborated by JAKIM: MHMS 2020 (Sistem Pengurusan Halal Malaysia), Lampiran J 'Senarai Utama Bahan Mentah', classifies raw materials of source 'Tumbuhan'/'Semulajadi' (plant/natural) as requiring no halal certificate -- supporting documents recorded as 'Tidak berkaitan' (not applicable).",,
starch,halal,T3_PRINCIPLE,"al-asl fi al-ashya' al-ibahah (default state of things is permissibility), grounded in Al-A'raf 7:157. Confirmed by Prof. Husna for plant-based ingredients. Institutionally corroborated by JAKIM: MHMS 2020 (Sistem Pengurusan Halal Malaysia), Lampiran J 'Senarai Utama Bahan Mentah', classifies raw materials of source 'Tumbuhan'/'Semulajadi' (plant/natural) as requiring no halal certificate -- supporting documents recorded as 'Tidak berkaitan' (not applicable).",,
corn starch,halal,T3_PRINCIPLE,"al-asl fi al-ashya' al-ibahah (default state of things is permissibility), grounded in Al-A'raf 7:157. Confirmed by Prof. Husna for plant-based ingredients. Institutionally corroborated by JAKIM: MHMS 2020 (Sistem Pengurusan Halal Malaysia), Lampiran J 'Senarai Utama Bahan Mentah', classifies raw materials of source 'Tumbuhan'/'Semulajadi' (plant/natural) as requiring no halal certificate -- supporting documents recorded as 'Tidak berkaitan' (not applicable).",,
wheat starch,halal,T3_PRINCIPLE,"al-asl fi al-ashya' al-ibahah (default state of things is permissibility), grounded in Al-A'raf 7:157. Confirmed by Prof. Husna for plant-based ingredients. Institutionally corroborated by JAKIM: MHMS 2020 (Sistem Pengurusan Halal Malaysia), Lampiran J 'Senarai Utama Bahan Mentah', classifies raw materials of source 'Tumbuhan'/'Semulajadi' (plant/natural) as requiring no halal certificate -- supporting documents recorded as 'Tidak berkaitan' (not applicable).",,
milk,syubhah,T1_CERTIFIER_RULING,"JAKIM MHMS 2020 (Sistem Pengurusan Halal Malaysia), Lampiran J 'Senarai Utama Bahan Mentah': raw materials of source 'Haiwan' (animal) require a halal certificate, CoO and verified supply chain -- unlike 'Tumbuhan'/'Semulajadi' (plant/natural), recorded as 'Tidak berkaitan'. Dairy is animal-derived, so it does not inherit the plant-based permissibility principle. Prof. Husna directed that JAKIM's framework be followed on this point. The system cannot verify certification, so the honest verdict is syubhah.","Not a claim that dairy is impermissible. Milk of permitted animals is not itself in doubt; the doubt is whether THIS material meets JAKIM's animal-source certification requirement, which the system cannot check.",
skimmed milk,syubhah,T1_CERTIFIER_RULING,"JAKIM MHMS 2020 (Sistem Pengurusan Halal Malaysia), Lampiran J 'Senarai Utama Bahan Mentah': raw materials of source 'Haiwan' (animal) require a halal certificate, CoO and verified supply chain -- unlike 'Tumbuhan'/'Semulajadi' (plant/natural), recorded as 'Tidak berkaitan'. Dairy is animal-derived, so it does not inherit the plant-based permissibility principle. Prof. Husna directed that JAKIM's framework be followed on this point. The system cannot verify certification, so the honest verdict is syubhah.","Not a claim that dairy is impermissible. Milk of permitted animals is not itself in doubt; the doubt is whether THIS material meets JAKIM's animal-source certification requirement, which the system cannot check.",
skimmed milk powder,syubhah,T1_CERTIFIER_RULING,"JAKIM MHMS 2020 (Sistem Pengurusan Halal Malaysia), Lampiran J 'Senarai Utama Bahan Mentah': raw materials of source 'Haiwan' (animal) require a halal certificate, CoO and verified supply chain -- unlike 'Tumbuhan'/'Semulajadi' (plant/natural), recorded as 'Tidak berkaitan'. Dairy is animal-derived, so it does not inherit the plant-based permissibility principle. Prof. Husna directed that JAKIM's framework be followed on this point. The system cannot verify certification, so the honest verdict is syubhah.","Not a claim that dairy is impermissible. Milk of permitted animals is not itself in doubt; the doubt is whether THIS material meets JAKIM's animal-source certification requirement, which the system cannot check.",
milk powder,syubhah,T1_CERTIFIER_RULING,"JAKIM MHMS 2020 (Sistem Pengurusan Halal Malaysia), Lampiran J 'Senarai Utama Bahan Mentah': raw materials of source 'Haiwan' (animal) require a halal certificate, CoO and verified supply chain -- unlike 'Tumbuhan'/'Semulajadi' (plant/natural), recorded as 'Tidak berkaitan'. Dairy is animal-derived, so it does not inherit the plant-based permissibility principle. Prof. Husna directed that JAKIM's framework be followed on this point. The system cannot verify certification, so the honest verdict is syubhah.","Not a claim that dairy is impermissible. Milk of permitted animals is not itself in doubt; the doubt is whether THIS material meets JAKIM's animal-source certification requirement, which the system cannot check.",
milk solids,syubhah,T1_CERTIFIER_RULING,"JAKIM MHMS 2020 (Sistem Pengurusan Halal Malaysia), Lampiran J 'Senarai Utama Bahan Mentah': raw materials of source 'Haiwan' (animal) require a halal certificate, CoO and verified supply chain -- unlike 'Tumbuhan'/'Semulajadi' (plant/natural), recorded as 'Tidak berkaitan'. Dairy is animal-derived, so it does not inherit the plant-based permissibility principle. Prof. Husna directed that JAKIM's framework be followed on this point. The system cannot verify certification, so the honest verdict is syubhah.","Not a claim that dairy is impermissible. Milk of permitted animals is not itself in doubt; the doubt is whether THIS material meets JAKIM's animal-source certification requirement, which the system cannot check.",
milk fat,syubhah,T1_CERTIFIER_RULING,"JAKIM MHMS 2020 (Sistem Pengurusan Halal Malaysia), Lampiran J 'Senarai Utama Bahan Mentah': raw materials of source 'Haiwan' (animal) require a halal certificate, CoO and verified supply chain -- unlike 'Tumbuhan'/'Semulajadi' (plant/natural), recorded as 'Tidak berkaitan'. Dairy is animal-derived, so it does not inherit the plant-based permissibility principle. Prof. Husna directed that JAKIM's framework be followed on this point. The system cannot verify certification, so the honest verdict is syubhah.","Not a claim that dairy is impermissible. Milk of permitted animals is not itself in doubt; the doubt is whether THIS material meets JAKIM's animal-source certification requirement, which the system cannot check.",
skim milk,syubhah,T1_CERTIFIER_RULING,"JAKIM MHMS 2020 (Sistem Pengurusan Halal Malaysia), Lampiran J 'Senarai Utama Bahan Mentah': raw materials of source 'Haiwan' (animal) require a halal certificate, CoO and verified supply chain -- unlike 'Tumbuhan'/'Semulajadi' (plant/natural), recorded as 'Tidak berkaitan'. Dairy is animal-derived, so it does not inherit the plant-based permissibility principle. Prof. Husna directed that JAKIM's framework be followed on this point. The system cannot verify certification, so the honest verdict is syubhah.","Not a claim that dairy is impermissible. Milk of permitted animals is not itself in doubt; the doubt is whether THIS material meets JAKIM's animal-source certification requirement, which the system cannot check.",
butter,syubhah,T1_CERTIFIER_RULING,"JAKIM MHMS 2020 (Sistem Pengurusan Halal Malaysia), Lampiran J 'Senarai Utama Bahan Mentah': raw materials of source 'Haiwan' (animal) require a halal certificate, CoO and verified supply chain -- unlike 'Tumbuhan'/'Semulajadi' (plant/natural), recorded as 'Tidak berkaitan'. Dairy is animal-derived, so it does not inherit the plant-based permissibility principle. Prof. Husna directed that JAKIM's framework be followed on this point. The system cannot verify certification, so the honest verdict is syubhah.","Not a claim that dairy is impermissible. Milk of permitted animals is not itself in doubt; the doubt is whether THIS material meets JAKIM's animal-source certification requirement, which the system cannot check.",
cream,syubhah,T1_CERTIFIER_RULING,"JAKIM MHMS 2020 (Sistem Pengurusan Halal Malaysia), Lampiran J 'Senarai Utama Bahan Mentah': raw materials of source 'Haiwan' (animal) require a halal certificate, CoO and verified supply chain -- unlike 'Tumbuhan'/'Semulajadi' (plant/natural), recorded as 'Tidak berkaitan'. Dairy is animal-derived, so it does not inherit the plant-based permissibility principle. Prof. Husna directed that JAKIM's framework be followed on this point. The system cannot verify certification, so the honest verdict is syubhah.","Not a claim that dairy is impermissible. Milk of permitted animals is not itself in doubt; the doubt is whether THIS material meets JAKIM's animal-source certification requirement, which the system cannot check.",
yoghurt,syubhah,T1_CERTIFIER_RULING,"JAKIM MHMS 2020 (Sistem Pengurusan Halal Malaysia), Lampiran J 'Senarai Utama Bahan Mentah': raw materials of source 'Haiwan' (animal) require a halal certificate, CoO and verified supply chain -- unlike 'Tumbuhan'/'Semulajadi' (plant/natural), recorded as 'Tidak berkaitan'. Dairy is animal-derived, so it does not inherit the plant-based permissibility principle. Prof. Husna directed that JAKIM's framework be followed on this point. The system cannot verify certification, so the honest verdict is syubhah.","Not a claim that dairy is impermissible. Milk of permitted animals is not itself in doubt; the doubt is whether THIS material meets JAKIM's animal-source certification requirement, which the system cannot check.",
yogurt,syubhah,T1_CERTIFIER_RULING,"JAKIM MHMS 2020 (Sistem Pengurusan Halal Malaysia), Lampiran J 'Senarai Utama Bahan Mentah': raw materials of source 'Haiwan' (animal) require a halal certificate, CoO and verified supply chain -- unlike 'Tumbuhan'/'Semulajadi' (plant/natural), recorded as 'Tidak berkaitan'. Dairy is animal-derived, so it does not inherit the plant-based permissibility principle. Prof. Husna directed that JAKIM's framework be followed on this point. The system cannot verify certification, so the honest verdict is syubhah.","Not a claim that dairy is impermissible. Milk of permitted animals is not itself in doubt; the doubt is whether THIS material meets JAKIM's animal-source certification requirement, which the system cannot check.",
peanut butter,halal,T3_PRINCIPLE,"al-asl fi al-ashya' al-ibahah, grounded in Al-A'raf 7:157. Plant-derived despite the word 'butter' in the name -- JAKIM MHMS 2020 Lampiran J classes plant sources ('Tumbuhan') as certification-not-applicable. Listed explicitly so the dairy 'butter' rule does not capture these by substring.",,
shea butter,halal,T3_PRINCIPLE,"al-asl fi al-ashya' al-ibahah, grounded in Al-A'raf 7:157. Plant-derived despite the word 'butter' in the name -- JAKIM MHMS 2020 Lampiran J classes plant sources ('Tumbuhan') as certification-not-applicable. Listed explicitly so the dairy 'butter' rule does not capture these by substring.",,
almond butter,halal,T3_PRINCIPLE,"al-asl fi al-ashya' al-ibahah, grounded in Al-A'raf 7:157. Plant-derived despite the word 'butter' in the name -- JAKIM MHMS 2020 Lampiran J classes plant sources ('Tumbuhan') as certification-not-applicable. Listed explicitly so the dairy 'butter' rule does not capture these by substring.",,
cashew butter,halal,T3_PRINCIPLE,"al-asl fi al-ashya' al-ibahah, grounded in Al-A'raf 7:157. Plant-derived despite the word 'butter' in the name -- JAKIM MHMS 2020 Lampiran J classes plant sources ('Tumbuhan') as certification-not-applicable. Listed explicitly so the dairy 'butter' rule does not capture these by substring.",,
nut butter,halal,T3_PRINCIPLE,"al-asl fi al-ashya' al-ibahah, grounded in Al-A'raf 7:157. Plant-derived despite the word 'butter' in the name -- JAKIM MHMS 2020 Lampiran J classes plant sources ('Tumbuhan') as certification-not-applicable. Listed explicitly so the dairy 'butter' rule does not capture these by substring.",,
coconut butter,halal,T3_PRINCIPLE,"al-asl fi al-ashya' al-ibahah, grounded in Al-A'raf 7:157. Plant-derived despite the word 'butter' in the name -- JAKIM MHMS 2020 Lampiran J classes plant sources ('Tumbuhan') as certification-not-applicable. Listed explicitly so the dairy 'butter' rule does not capture these by substring.",,
buttermilk,syubhah,T1_CERTIFIER_RULING,JAKIM MHMS 2020 Lampiran J: dairy is an animal source ('Haiwan') requiring halal certification the system cannot verify.,,
chocolate liquor,halal,T3_PRINCIPLE,"al-asl fi al-ashya' al-ibahah, grounded in Al-A'raf 7:157. 'Chocolate/cocoa liquor' is the confectionery term for ground cocoa mass (cocoa solids plus cocoa butter) and contains no alcohol -- 'liquor' here denotes a liquid mass. Plant-derived; JAKIM MHMS 2020 Lampiran J classes plant sources ('Tumbuhan') as certification-not-applicable.","Explicitly listed to prevent the haram ""liquor"" keyword firing on a plant product.",
cocoa liquor,halal,T3_PRINCIPLE,"al-asl fi al-ashya' al-ibahah, grounded in Al-A'raf 7:157. 'Chocolate/cocoa liquor' is the confectionery term for ground cocoa mass (cocoa solids plus cocoa butter) and contains no alcohol -- 'liquor' here denotes a liquid mass. Plant-derived; JAKIM MHMS 2020 Lampiran J classes plant sources ('Tumbuhan') as certification-not-applicable.","Explicitly listed to prevent the haram ""liquor"" keyword firing on a plant product.",
cacao liquor,halal,T3_PRINCIPLE,"al-asl fi al-ashya' al-ibahah, grounded in Al-A'raf 7:157. 'Chocolate/cocoa liquor' is the confectionery term for ground cocoa mass (cocoa solids plus cocoa butter) and contains no alcohol -- 'liquor' here denotes a liquid mass. Plant-derived; JAKIM MHMS 2020 Lampiran J classes plant sources ('Tumbuhan') as certification-not-applicable.","Explicitly listed to prevent the haram ""liquor"" keyword firing on a plant product.",
chocolate mass,halal,T3_PRINCIPLE,"al-asl fi al-ashya' al-ibahah, grounded in Al-A'raf 7:157. 'Chocolate/cocoa liquor' is the confectionery term for ground cocoa mass (cocoa solids plus cocoa butter) and contains no alcohol -- 'liquor' here denotes a liquid mass. Plant-derived; JAKIM MHMS 2020 Lampiran J classes plant sources ('Tumbuhan') as certification-not-applicable.","Explicitly listed to prevent the haram ""liquor"" keyword firing on a plant product.",
