keyword,verdict,category,basis,verification_status
pork,haram,swine,"Quranic prohibition of swine flesh (Al-Baqarah and Al-Ma'idah; confirm exact verse refs before citing)",NEEDS_EXACT_CITATION
bacon,haram,swine,Swine-derived cut; follows the swine prohibition,NEEDS_EXACT_CITATION
ham,haram,swine,Swine-derived cut; follows the swine prohibition,NEEDS_EXACT_CITATION
swine,haram,swine,Direct term for the prohibited animal,NEEDS_EXACT_CITATION
porcine,haram,swine,Technical term for swine-derived material; used by SANHA in gelatine guidance,SANHA_GELATINE_FAQ
pig,haram,swine,Direct term for the prohibited animal,NEEDS_EXACT_CITATION
piggy,haram,swine,Colloquial swine term seen on labels,NEEDS_EXACT_CITATION
lard,haram,swine,Rendered swine fat,NEEDS_EXACT_CITATION
gammon,haram,swine,Cured swine cut,NEEDS_EXACT_CITATION
pancetta,haram,swine,Italian cured swine cut,NEEDS_EXACT_CITATION
prosciutto,haram,swine,Italian cured swine cut,NEEDS_EXACT_CITATION
chorizo,haram,swine,"Traditionally swine-based; NOTE beef/chicken chorizo exists -- possible false positive",REVIEW_NEEDED
salami,haram,swine,"Traditionally swine-based; NOTE beef/turkey salami exists -- possible false positive",REVIEW_NEEDED
pepperoni,haram,swine,"Traditionally swine/beef blend; NOTE halal beef pepperoni exists -- possible false positive",REVIEW_NEEDED
bratwurst,haram,swine,Traditionally swine sausage,REVIEW_NEEDED
speck,haram,swine,Cured swine cut,NEEDS_EXACT_CITATION
guanciale,haram,swine,Cured swine jowl,NEEDS_EXACT_CITATION
wine,haram,intoxicant,"Quranic prohibition of khamr (Al-Ma'idah; confirm exact verse refs). NOTE SANHA holds vinegar halal -- 'wine vinegar' may false-positive",REVIEW_NEEDED
beer,haram,intoxicant,Intoxicant; also appears as 'beer batter',REVIEW_NEEDED
rum,haram,intoxicant,Distilled intoxicant,NEEDS_EXACT_CITATION
whisky,haram,intoxicant,Distilled intoxicant,NEEDS_EXACT_CITATION
whiskey,haram,intoxicant,Distilled intoxicant (alternate spelling),NEEDS_EXACT_CITATION
vodka,haram,intoxicant,Distilled intoxicant,NEEDS_EXACT_CITATION
brandy,haram,intoxicant,Distilled intoxicant,NEEDS_EXACT_CITATION
liqueur,haram,intoxicant,Distilled intoxicant,NEEDS_EXACT_CITATION
liquor,haram,intoxicant,Distilled intoxicant,NEEDS_EXACT_CITATION
cognac,haram,intoxicant,Distilled intoxicant,NEEDS_EXACT_CITATION
sherry,haram,intoxicant,Fortified wine,NEEDS_EXACT_CITATION
champagne,haram,intoxicant,Sparkling wine,NEEDS_EXACT_CITATION
ale,haram,intoxicant,Fermented intoxicant,NEEDS_EXACT_CITATION
kirsch,haram,intoxicant,Cherry brandy; common in confectionery,NEEDS_EXACT_CITATION
marsala,haram,intoxicant,Fortified wine; common in sauces,NEEDS_EXACT_CITATION
mirin,haram,intoxicant,"Japanese rice wine; NOTE non-alcoholic 'mirin-style' seasoning exists",REVIEW_NEEDED
sake,haram,intoxicant,Japanese rice wine,NEEDS_EXACT_CITATION
e120,haram,insect,SANHA Haraam E-Numbers page: 'From insect Cochineal',SANHA_HARAAM_LIST
cochineal,haram,insect,SANHA Haraam E-Numbers page (E120),SANHA_HARAAM_LIST
carmine,haram,insect,SANHA Haraam E-Numbers page (E120 alternative name),SANHA_HARAAM_LIST
carminic acid,haram,insect,SANHA Haraam E-Numbers page (E120 primary name),SANHA_HARAAM_LIST
blood plasma,haram,blood,"Quranic prohibition of blood (Al-Ma'idah; confirm exact verse refs)",NEEDS_EXACT_CITATION
blood meal,haram,blood,Blood-derived,NEEDS_EXACT_CITATION
carrion,haram,carrion,"Quranic prohibition of maytah/carrion (Al-Ma'idah; confirm exact verse refs)",NEEDS_EXACT_CITATION
water,halal,basic,Non-animal; universally permissible,GENERAL_CONSENSUS
salt,halal,mineral,Mineral; MUIS Annex A lists 'Salt & sugar' as Low risk,MUIS_ANNEX_A
sea salt,halal,mineral,Mineral,MUIS_ANNEX_A
sugar,halal,plant,MUIS Annex A lists 'Salt & sugar' as Low risk,MUIS_ANNEX_A
e100,halal,additive,SANHA Halaal E-Numbers page (Curcurmin),SANHA_HALAAL_LIST
curcumin,halal,additive,SANHA Halaal E-Numbers page (E100),SANHA_HALAAL_LIST
e300,halal,additive,SANHA Halaal E-Numbers page,SANHA_HALAAL_LIST
ascorbic acid,halal,additive,SANHA Halaal E-Numbers page (E300),SANHA_HALAAL_LIST
e330,halal,additive,"SANHA: 'Status: Halaal, Source: microbiological fermentation; citrus fruits'",SANHA_E330_PAGE
citric acid,halal,additive,SANHA Halaal E-Numbers page (E330),SANHA_HALAAL_LIST
e407,halal,additive,SANHA Halaal E-Numbers page,SANHA_HALAAL_LIST
carrageenan,halal,additive,SANHA Halaal E-Numbers page (E407); seaweed-derived,SANHA_HALAAL_LIST
e415,halal,additive,SANHA Halaal E-Numbers page,SANHA_HALAAL_LIST
xanthan gum,halal,additive,SANHA Halaal E-Numbers page (E415); microbial fermentation,SANHA_HALAAL_LIST
e904,halal,additive,SANHA E904 page: 'Status: Halaal' (resin of lac insect),SANHA_E904_PAGE
shellac,halal,additive,SANHA E904 page,SANHA_E904_PAGE
wheat flour,halal,plant,Plant-derived; MUIS Annex A lists 'Flour' as Medium-Low risk,MUIS_ANNEX_A
corn starch,halal,plant,Plant-derived,GENERAL_CONSENSUS
cornstarch,halal,plant,Plant-derived (alternate spelling),GENERAL_CONSENSUS
rice flour,halal,plant,Plant-derived; MUIS lists 'Rice' as Low risk,MUIS_ANNEX_A
oat,halal,plant,Plant-derived,GENERAL_CONSENSUS
barley,halal,plant,"Plant-derived. NOTE: barley is also a brewing input; the intoxicant terms are matched separately",GENERAL_CONSENSUS
soy flour,halal,plant,Plant-derived; MUIS lists 'Soy bean products' as Medium-Low,MUIS_ANNEX_A
cocoa,halal,plant,Plant-derived,GENERAL_CONSENSUS
cocoa butter,halal,plant,Plant-derived fat,GENERAL_CONSENSUS
olive oil,halal,plant,Plant-derived; MUIS Annex A Medium-Low,MUIS_ANNEX_A
sunflower oil,halal,plant,Plant-derived,MUIS_ANNEX_A
canola oil,halal,plant,Plant-derived,GENERAL_CONSENSUS
rapeseed oil,halal,plant,Plant-derived,GENERAL_CONSENSUS
palm oil,halal,plant,Plant-derived,GENERAL_CONSENSUS
coconut oil,halal,plant,Plant-derived,GENERAL_CONSENSUS
sesame oil,halal,plant,Plant-derived; MUIS Annex A Medium-Low,MUIS_ANNEX_A
agar,halal,plant,Seaweed-derived gelling agent; common gelatine substitute,GENERAL_CONSENSUS
agar-agar,halal,plant,Seaweed-derived gelling agent,GENERAL_CONSENSUS
guar gum,halal,plant,Legume-derived thickener,GENERAL_CONSENSUS
pectin,halal,plant,SANHA Halaal E-Numbers page lists E440(a) Pectin as Halaal,SANHA_HALAAL_LIST
dextrose,halal,plant,Plant-derived sugar,GENERAL_CONSENSUS
fructose,halal,plant,Plant-derived sugar,GENERAL_CONSENSUS
maltodextrin,halal,plant,Starch-derived,GENERAL_CONSENSUS
baking soda,halal,mineral,Mineral; MUIS lists 'Synthetic chemicals' as Low risk,MUIS_ANNEX_A
sodium bicarbonate,halal,mineral,Mineral,MUIS_ANNEX_A
yeast extract,halal,microbial,"Microbial; MUIS lists 'Yeast' as Medium-High risk (needs documentation, not prohibited)",MUIS_ANNEX_A
vinegar,halal,fermented,"SANHA FAQ: ""Wine is Haraam & Vinegar is Halaal"". Overrides the wine trigger in compounds like wine vinegar",SANHA_FAQ
