e_number,name,status,priority,source_description_FILL_ME
E1000,Cholic Acid,syubhah,HIGH - tells user what to check,
E161(g),Canthaxanthin,syubhah,HIGH - tells user what to check,
E336,Cream of Tartar,syubhah,HIGH - tells user what to check,
E472(a),Acetoglycerides,syubhah,HIGH - tells user what to check,
E472(b),Lactoglycerides,syubhah,HIGH - tells user what to check,
E472(d),Tartaric acid glycerol esters,syubhah,HIGH - tells user what to check,
E472(e),Acetyltartaric acid glycerol esters,syubhah,HIGH - tells user what to check,
E102,Tartrazine,halal,low - verdict already settled,
E103,Chrysoine Resorcinol,halal,low - verdict already settled,
E104,Quinoline Yellow,halal,low - verdict already settled,
E105,Fast Yellow AB,halal,low - verdict already settled,
E111,Orange GGN,halal,low - verdict already settled,
E1201,Polyvinylpyrrolidone,halal,low - verdict already settled,
E125,Ponceau SX,halal,low - verdict already settled,
E126,Ponceau 6R,halal,low - verdict already settled,
E130,Indanthrene Blue RS,halal,low - verdict already settled,
E143,Fast Green FCF,halal,low - verdict already settled,
E306,Vitamin E Oil Extracts,halal,low - verdict already settled,
E330,Citric Acid,halal,low - verdict already settled,
E332,Potassium Dihydrogen Citrate,halal,low - verdict already settled,
E341(a),Calcium Tetrahydrogen Diorthophosphate,halal,low - verdict already settled,
E341(b),Calcium Hydrogen Orthophosphate,halal,low - verdict already settled,
E450(a),diSodium Pyrophosphate,halal,low - verdict already settled,
E452,Polyphosphates,halal,low - verdict already settled,
E467,Ethylhydroxyethyl Cellulose,halal,low - verdict already settled,
E500,Sodium Bicarbonate,halal,low - verdict already settled,
E574,Gluconic Acid,halal,low - verdict already settled,
E954,Saccharin and its Salts,halal,low - verdict already settled,
