ingredient,occurrences
emulsifier,13
flavourings,7
emulsifiers,7
raising agents,6
natural flavor,5
vanillin,5
soy lecithin,5
pantothenic acid,4
natural flavourings,4
yeast,4
flavouring,3
rapeseed,3
vanilla extract,3
lecithins,3
colour,3
allergens,2
natural flavouring,2
anticaking agent,2
chicory root fibre,2
gluten,2
niacinamide,2
vitamin d3.,2
cinnamon,2
apples,2
artificial flavor,2
lemon,2
agave syrup,2
sustainable palm fruit oil,2
flour,2
soybean oil,2
sodium carbonates,2
carbonates,2
potassium carbonates,2
whey powder,2
egg white,2
palm kernel oil,2
leavening,2
flavourings.,2
humectant,2
organic arabic gum,1
organic freeze dried fruit,1
organic cranberries,1
organic blueberries,1
organic coconut flakes,1
antioxidant: tocopherol-rich extract,1
,1
minerals,1
malted toasted,1
malt extract,1
sultanas,1
_hazelnuts_,1
seeds,1
pumpkin],1
desiccated coconut,1
maple syrup,1
chicory fibre,1
recycle nutrition,1
soya.,1
soy protein,1
antioxidant,1
oligofructose syrup,1
linseeds,1
antioxidant: tocopherol-rich extract.,1
flavouring.,1
allergy advice,1
cereals,1
see ingredients in bold. also,1
red blood cell formation,1
dates,1
"linseed,pumpkin",1
quinoa flakes,1
_wholewheat_,1
monk fruit extract,1
malt flavor,1
phosphate,1
refiner's syrup,1
pumpkin puree,1
nutmeg,1
cloves,1
annatto extract color,1
tocopherols,1
a b vitamin,1
creaming agent,1
whey,1
sodium caseinate,1
flavored colored fruit pieces,1
artificial peach flavor,1
pyridoxine hydrochloride,1
sultanas 18%,1
sunflower seeds 7%,1
dates chopped 5.7%,1
raisins 5.7%,1
linseeds 3.5%,1
apricots chopped 3%,1
banana pulp 24%,1
biscuit spread,1
biscuits,1
raising agent,1
hydrogen carbonate,1
soya flour,1
chia seeds,1
cinnamon powder,1
coconut extract,1
banana pulp,1
strawberry 9%,1
blueberry 4%,1
raspberry 4%,1
elderberry 2%,1
sourdough 21%,1
fresh eggs 11%,1
and,1
fatty acids,1
ground hazelnuts 10,1
8%,1
dark chocolate,1
emulsifiers: lecithins [soya],1
acid carbonate,1
ammonium acid carbonate,1
soya,1
currants,1
brown flaxseeds,1
_rye_ flour,1
sourdough,1
_wholewheat_ flour,1
yeast.,1
-,1
stem ginger,1
dietary fibre,1
ground ginger,1
refiners syrup,1
raisins,1
preservative: calcium,1
cereals 63,1
8 %,1
wholegrain cereals 20,1
flakes,1
wholegrain spelt flour,1
whole rye flour,1
bulking agent,1
chocolate drops,1
5 %,1
mineral blend,1
emulsifier fre,1
egg,1
best before: see top of pack,1
store in a dry place,1
protect from heat,1
co stiamfi ux 25 mor,1
pistachio 45%,1
f seed oil,1
emulsifying: soy lecithin.,1
semisweet chocolate,1
dried malt extract,1
syrup solids,1
rosemary extract,1
dried unsweetened coconut,1
calcium,1
dark chocolate coating,1
butterfat,1
vanilla,1
pretzels,1
malt,1
soybean,1
peppermint flakes,1
vegetable juice concentrate,1
caramel color,1
natural peppermint oil,1
pasteurised egg,1
acetoc acid,1
lactic acid.,1
strawberry juice,1
acids,1
acidity regulators,1
sodium malates,1
plant concentrates,1
safflower,1
spirulina concentrate,1
hydrolysed pea protein,1
methyl and,1
propyl parabens,1
soy lecithin emulsifier sorbitan monostearate,1
wax,1
vanillin [artificial flavor,1
confectioner's glaze,1
palm and,1
natural flavors,1
semisweet chocolate chips,1
coconut,1
egg whites,1
bicaronate,1
dried  egg  white,1
enriched flour,1
dried pumpkin flakes,1
spices,1
arabic gum,1
sodium acid pyrophosphate,1
emulsifier: sunflower lecithin.,1
whole _egg_,1
diphosphate,1
natural flavouring.,1
calcium phosphates,1
shea oil,1
safflower oil,1
lactose,1
soya lecithin,1
artificial vanilla plavour emulsifier,1
mon0-and diglycerides,1
and soya beans.,1
syrup,1
acidity regulator,1
citrates,1
gelling agent,1
palm,1
