e_number,name,alternative_names,function,status,source_description,citation
E100,Curcurmin,"1,7-Bis(4-hydroxy-3-methoxyphenyl-1,6-heptadiene-3,5-dione; turmeric yellow; Diferuloylmethane; C.I. 75300",Colouring,halal,Vegetable extract - orange yellow colour,"SANHA Halal E-Numbers list, sanha.org.za/e-numbers/"
E101,Riboflavin,"Lactoflavin, Vitamin B2; Vitamin G",Colouring,halal,Microbiological; Synthetic,"SANHA Halal E-Numbers list, sanha.org.za/e-numbers/"
E101(a),Riboflavin-5'-phosphate,Riboflavin-5-[Sodium phosphate],Colouring,halal,Soluble Riboflavin; Chemical using Riboflavin,"SANHA Halal E-Numbers list, sanha.org.za/e-numbers/"
E102,Tartrazine,FD&C Yellow 5; C.I. 19140; C.I. Food Yellow 4; C.I. acid yellow 23; hydrazine yellow,Colouring,halal,,"SANHA Halal E-Numbers list, sanha.org.za/e-numbers/"
E103,Chrysoine Resorcinol,Tropaeolin O; C.I. acid orange 6; C.I. food yellow 8; C.I. 14270; Yellow T; tropeolin,,halal,,"SANHA Halal E-Numbers list, sanha.org.za/e-numbers/"
E104,Quinoline Yellow,C.I. 47005; C.I. Acid Yellow 3; D&C Yellow No. 10; Food Yellow 13,Colouring,halal,,"SANHA Halal E-Numbers list, sanha.org.za/e-numbers/"
E105,Fast Yellow AB,Tropaeolin OO; C.I. acid orange 5; diphenylamine orange; orange GS; Orange N; orange IV,,halal,,"SANHA Halal E-Numbers list, sanha.org.za/e-numbers/"
E106,Riboflavin-5-sodium Phosphate,Riboflavin-5-Phosphate sodium salt; Vitamin B2 phosphate sodium salt,,halal,from riboflavin and chlorophosphoric,"SANHA Halal E-Numbers list, sanha.org.za/e-numbers/"
E107,Yellow 2G,Food Yellow 5,,halal,Synthetic,"SANHA Halal E-Numbers list, sanha.org.za/e-numbers/"
E110,Sunset Yellow FCF,C.I. 15985; FD&C Yellow 6; C.I. Food Yellow 3,Colouring,halal,Synthetic,"SANHA Halal E-Numbers list, sanha.org.za/e-numbers/"
E1103,Invertase,EC 3.2.1.26; Invertin; saccharase; sucrase,Processing aid,halal,microbiological from yeast,"SANHA Halal E-Numbers list, sanha.org.za/e-numbers/"
E1105,Lysozyme,EC 3.2.1.17; lysozyme hydrochloride; muramidase; N-acetyl muramidase; globulin G1; Delvozyme,Preservative,halal,from hens egg white,"SANHA Halal E-Numbers list, sanha.org.za/e-numbers/"
E111,Orange GGN,Alpha-naphthol orange; Orange I; tropaeolin OOO no. 1; C.I. acid orange 20; FD&C orange 1,,halal,,"SANHA Halal E-Numbers list, sanha.org.za/e-numbers/"
E1200,Polydextrose,Modified polydextroses,"Humectant, Stabiliser",halal,from glucose & sorbitol,"SANHA Halal E-Numbers list, sanha.org.za/e-numbers/"
E1201,Polyvinylpyrrolidone,PVP; plasdone; polyvidone; Povidone; Povidone K25; povidone K17; povidone K30; povidone K90,"Clarifying agent, Stabiliser",halal,,"SANHA Halal E-Numbers list, sanha.org.za/e-numbers/"
E1202,Polyvinylpolypyrrolidone,PVPD; crosslinked povidone; cross povidone; insoluble PVP,Clarifying agent,halal,synthetic chemical,"SANHA Halal E-Numbers list, sanha.org.za/e-numbers/"
E122,Carmoisine,Azorubine; C.I. 14720; carmoisen,Colouring,halal,"Synthetic; not permitted in Norway, Sweden, USA, Japan","SANHA Halal E-Numbers list, sanha.org.za/e-numbers/"
E123,Amaranth,C.I. 16185; FD&C Red 2; C.I. Acid Red 27; Red No. 2,Colouring,halal,"synthetic chemical,","SANHA Halal E-Numbers list, sanha.org.za/e-numbers/"
E124,Ponceau 4R,C.I. 16255,Colouring,halal,synthetic chemical,"SANHA Halal E-Numbers list, sanha.org.za/e-numbers/"
E125,Ponceau SX,Scarlet GN; FD&C Red No. 4; C.I. Food Red 1; C.I. 14700,,halal,,"SANHA Halal E-Numbers list, sanha.org.za/e-numbers/"
E126,Ponceau 6R,C.I. 16250; C.I. food red 8; Crystal ponceau 6R; Crystal scarlet; Brilliant crystal scarlet 6R,,halal,,"SANHA Halal E-Numbers list, sanha.org.za/e-numbers/"
E127,Erythrosine,C.I. 45430; FD&C Red 3; C.I. Food Red 14; C.I. Acid Red 51,Colouring,halal,synthetic,"SANHA Halal E-Numbers list, sanha.org.za/e-numbers/"
E128,Red 2G,C.I. 18050,Colouring,halal,synthetic chemical,"SANHA Halal E-Numbers list, sanha.org.za/e-numbers/"
E129,Allura Red AC,C.I. 16035; Food Red 17; FD&C Red 40,Colouring,halal,synthetic chemical,"SANHA Halal E-Numbers list, sanha.org.za/e-numbers/"
E130,Indanthrene Blue RS,C.I. vat blue 4; carbon paper blue; blue O; carbanthrene blue 2R; fenan blue,,halal,,"SANHA Halal E-Numbers list, sanha.org.za/e-numbers/"
E131,Patent Blue V,C.I. 42051,Colouring,halal,synthetic chemical,"SANHA Halal E-Numbers list, sanha.org.za/e-numbers/"
E132,Indigo Carmine,Indigotine; C.I. 73015; FD&C Blue 2; Food Blue 1,Colouring,halal,synthetic chemical,"SANHA Halal E-Numbers list, sanha.org.za/e-numbers/"
E133,Brilliant Blue FCF,C.I. 42090; FD&C Blue 1; Food Blue 2,Colouring,halal,synthetic chemical,"SANHA Halal E-Numbers list, sanha.org.za/e-numbers/"
E140,Chlorophyll,C.I. 75810,Colouring,halal,plants. Check if it contains alcohol,"SANHA Halal E-Numbers list, sanha.org.za/e-numbers/"
E1400,Dextrin,Pyrodextrin; torrefaction dextrin,,halal,hydrolysis of starch,"SANHA Halal E-Numbers list, sanha.org.za/e-numbers/"
E1401,Modified Starch,Acid treated starch; acid modified starch,,halal,acid treatment of starch,"SANHA Halal E-Numbers list, sanha.org.za/e-numbers/"
E1402,Alkaline Modified Starch,Alkaline treated starch,,halal,alkaline treatment of starch,"SANHA Halal E-Numbers list, sanha.org.za/e-numbers/"
E1403,Bleached Starch,N/A,,halal,starch bleached with SO2 or sulfur dioxide,"SANHA Halal E-Numbers list, sanha.org.za/e-numbers/"
E1404,Oxidised Starch,N/A,"Thickener, Stabiliser",halal,Food starch oxidised with sodium hypochlorite,"SANHA Halal E-Numbers list, sanha.org.za/e-numbers/"
E141,Copper phaeophytins,C.I. 75810; Copper complexes of Chlorophyll & Chlorophyllins,Colouring,halal,Chlorophyll,"SANHA Halal E-Numbers list, sanha.org.za/e-numbers/"
E1410,Monostarch Phosphate,N/A,"Thickener, Stabiliser",halal,Esterification of food starches with phosphates,"SANHA Halal E-Numbers list, sanha.org.za/e-numbers/"
E1412,Distarch Phosphate,N/A,"Thickener, Stabiliser",halal,Esterification of food starches with phosphates,"SANHA Halal E-Numbers list, sanha.org.za/e-numbers/"
E1413,Phoshated Distarch Phosphate,N/A,"Thickener, Stabiliser",halal,From E1410 & E1413,"SANHA Halal E-Numbers list, sanha.org.za/e-numbers/"
E1414,Acetylated Distarch Phosphate,N/A,"Thickener, Stabiliser",halal,Esterification of food starches with phosphates & acetates,"SANHA Halal E-Numbers list, sanha.org.za/e-numbers/"
E142,Green S,Acid Brilliant Green; Food Green S; Lissamine Green; C.I. 44090,Colouring,halal,synthetic chemical. Health,"SANHA Halal E-Numbers list, sanha.org.za/e-numbers/"
E1420,Acetylated Starch,Starch acetate,"Thickener, Vegetable gum",halal,Esterification of food starches with acetates,"SANHA Halal E-Numbers list, sanha.org.za/e-numbers/"
E1421,Acetylated Starch,monostarch acetate,,halal,starch modified with vinyl acetate,"SANHA Halal E-Numbers list, sanha.org.za/e-numbers/"
E1422,Acetylated Distarch Adipate,N/A,"Thickener, Stabiliser",halal,Esterification of food starches with adipic anhydride & acetic anhydride,"SANHA Halal E-Numbers list, sanha.org.za/e-numbers/"
E143,Fast Green FCF,Food green 3; FD&C Green No. 3; Green 1724; Solid Green FCF; C.I. 42053,,halal,,"SANHA Halal E-Numbers list, sanha.org.za/e-numbers/"
E1440,Hydroxypropyl Starch,N/A,"Thickener, Vegetable gum",halal,Esterification of food starches with propylene oxide,"SANHA Halal E-Numbers list, sanha.org.za/e-numbers/"
E1442,Hydroxypropyl Distarch Phosphate,N/A,"Thickener, Emulsifier",halal,Esterification of food starches with phosphates & propylene oxide. Health,"SANHA Halal E-Numbers list, sanha.org.za/e-numbers/"
E1450,Starch Sodium Octenyl Succinate,SSOS,"Thickener, Stabiliser",halal,Esterification of food starches with octenyl succinic anhydride. Health,"SANHA Halal E-Numbers list, sanha.org.za/e-numbers/"
E1451,Acetylated Oxidised Starch,N/A,"Thickener, Stabiliser",halal,Esterification of food starches with phosphates & acetates,"SANHA Halal E-Numbers list, sanha.org.za/e-numbers/"
E150,Caramel Colour (Sulphite Ammonia),N/A,Colouring,halal,synthetic chemical,"SANHA Halal E-Numbers list, sanha.org.za/e-numbers/"
E150(a),Caramel Colour (Plain-Spirit),N/A,Colouring,halal,synthetic chemical,"SANHA Halal E-Numbers list, sanha.org.za/e-numbers/"
E150(b),Caramel Colour (Caustic Sulphite),N/A,"Colouring, Flavouring",halal,synthetic chemical,"SANHA Halal E-Numbers list, sanha.org.za/e-numbers/"
E150(c),Caramel Colour (Ammonia),N/A,Colouring,halal,synthetic chemical,"SANHA Halal E-Numbers list, sanha.org.za/e-numbers/"
E1505,Triethyl Citrate,Ethyl citrate; citric acid ethyl ester,"Thickener, Sequestrant",halal,Triethyl ester of citric acid. Health,"SANHA Halal E-Numbers list, sanha.org.za/e-numbers/"
E151,Black PN,Brilliant Black PN; C.I. 28440,Colouring,halal,synthetic chemical,"SANHA Halal E-Numbers list, sanha.org.za/e-numbers/"
E1519,Benzyl Alcohol,Benzenemethanol; phenylcarbinol; phenylmethanol; alpha-hydroxy toluene,,halal,synthetic chemical,"SANHA Halal E-Numbers list, sanha.org.za/e-numbers/"
E152,Black 7984,Food Black 2; C.I. 27755,,halal,synthetic chemical,"SANHA Halal E-Numbers list, sanha.org.za/e-numbers/"
E1520,Propylene Glycol,"1,2-Propanediol; methyl glycol; 1,2-dihydroxypropane; Propan-1,2-diol","Humectant, Solvent",halal,synthetic chemical,"SANHA Halal E-Numbers list, sanha.org.za/e-numbers/"
E154,Brown FK,Kipper Brown; Food Brown,Colouring,halal,mixture of synthetic dyes,"SANHA Halal E-Numbers list, sanha.org.za/e-numbers/"
E155,Brown HT,C.I. 20285; Chocolate Brown HT,Colouring,halal,mixture of synthetic dyes,"SANHA Halal E-Numbers list, sanha.org.za/e-numbers/"
E160(a),Beta-Carotene,Carotaben; Provatene; Solatene,Colouring,halal,Carrots,"SANHA Halal E-Numbers list, sanha.org.za/e-numbers/"
E160(b),Annatto,Bixin; Norbixin; C.I. 75120; Orlean; Rocou,Colouring,halal,vegetable dye,"SANHA Halal E-Numbers list, sanha.org.za/e-numbers/"
E160(c),Capsanthin,Capsorubin; Paprika extract; Oleoresin,Colouring,halal,red pepper,"SANHA Halal E-Numbers list, sanha.org.za/e-numbers/"
E160(d),Lycopene,C.I. 75125,Colouring,halal,tomato extract,"SANHA Halal E-Numbers list, sanha.org.za/e-numbers/"
E160(e),beta-apo-8-carotenal,C30; beta-8-apocarotenal,Colouring,halal,synthetic chemical,"SANHA Halal E-Numbers list, sanha.org.za/e-numbers/"
E160(f),beta apo-8-carotenoic acid ethyl ester,N/A,Colouring,halal,synthetic chemical,"SANHA Halal E-Numbers list, sanha.org.za/e-numbers/"
E161(a),Flavoxanthin,C.I. 75135,,halal,extracted from food; check if it contains oils & fats,"SANHA Halal E-Numbers list, sanha.org.za/e-numbers/"
E161(b),Lutein,"Xanthophyll; C.I. 75135; vegetable luteol; beta-eta-carotene-3,3-diol",Colouring,halal,egg yolk; nettles; algae; & petals of yellow,"SANHA Halal E-Numbers list, sanha.org.za/e-numbers/"
E161(c),Cryptoxanthin,C.I. 75135; cryptoxanthol; caricaxanthin; hydroxy-beta-carotene; beta-carotene-3-ol,Colouring,halal,petals & berries,"SANHA Halal E-Numbers list, sanha.org.za/e-numbers/"
E161(d),Rubixanthin,C.I. 75135,,halal,hipberries & flowers,"SANHA Halal E-Numbers list, sanha.org.za/e-numbers/"
E161(e),Violaxanthin,Violoxanthin; zeanthin diepoxide; C.I. 75315,,halal,yellow pansies,"SANHA Halal E-Numbers list, sanha.org.za/e-numbers/"
E161(f),Rhodoxanthin,C.I. 75135,,halal,yew seeds,"SANHA Halal E-Numbers list, sanha.org.za/e-numbers/"
E161h,Zeaxanthin,"Zeaxanthol; anchovyxanthin; ß,ß-carotene-3,3'-diol",,halal,vegatable and mainly Marigold flowers,"SANHA Halal E-Numbers list, sanha.org.za/e-numbers/"
E161i,Citranaxanthin,N/A,,halal,synthetic chemical,"SANHA Halal E-Numbers list, sanha.org.za/e-numbers/"
E161j,Astaxanthin,Ovoester; astaxanthine,,halal,microalgae,"SANHA Halal E-Numbers list, sanha.org.za/e-numbers/"
E162,Beetroot Red,Betanin; Betanidin,Colouring,halal,Beetroot extract,"SANHA Halal E-Numbers list, sanha.org.za/e-numbers/"
E163,Anthocyanins,Schultz 1394; Schultz 1400,Colouring,halal,grape skin; red cabbage,"SANHA Halal E-Numbers list, sanha.org.za/e-numbers/"
E170,Calcium Carbonate,Carbonic acid calcium salt,"Colouring, Firming Agent",halal,"minerals argonite, calcite & vaterite","SANHA Halal E-Numbers list, sanha.org.za/e-numbers/"
E171,Titanium Dioxide,C.I. 77891; Unitane,"Colouring, Opacifier",halal,mineral,"SANHA Halal E-Numbers list, sanha.org.za/e-numbers/"
E172,Iron Oxides & Iron Hydroxides,C.I. 77492 (yellow/brown); C.I. 77491 (red); C.I. 77499 (brown),Colouring,halal,mineral,"SANHA Halal E-Numbers list, sanha.org.za/e-numbers/"
E173,Aluminium,C.I. 77000; Aluminum,Colouring,halal,mineral,"SANHA Halal E-Numbers list, sanha.org.za/e-numbers/"
E174,Silver,C.I. 77820,Colouring,halal,mineral,"SANHA Halal E-Numbers list, sanha.org.za/e-numbers/"
E175,Gold,C.I. 77480,Colouring,halal,mineral,"SANHA Halal E-Numbers list, sanha.org.za/e-numbers/"
E180,Pigment Rubine,Lithol Rubine BK; C.I. 15850,Colouring,halal,synthetic chemical,"SANHA Halal E-Numbers list, sanha.org.za/e-numbers/"
E181,Tannin,Tannic acid; gallotannin; gallotannic acid,,halal,from nutgall,"SANHA Halal E-Numbers list, sanha.org.za/e-numbers/"
E200,Sorbic Acid,"2,4-Hexadienoic acid; 2-propenyl-acrylic acid","Preservative, Humectant",halal,berries; synthetically,"SANHA Halal E-Numbers list, sanha.org.za/e-numbers/"
E201,Sodium Sorbate,N/A,,halal,sorbic acid,"SANHA Halal E-Numbers list, sanha.org.za/e-numbers/"
E202,Potassium Sorbate,Sorbic acid potassium salt; BB powder,Preservative,halal,sorbic acid,"SANHA Halal E-Numbers list, sanha.org.za/e-numbers/"
E203,Calcium Sorbate,N/A,Preservative,halal,sorbic acid,"SANHA Halal E-Numbers list, sanha.org.za/e-numbers/"
E210,Benzoic acid,Benzene carboxylic acid; phenylformic acid; dracyclic acid,"Preservative, Flavoring",halal,Synthetic,"SANHA Halal E-Numbers list, sanha.org.za/e-numbers/"
E211,Sodium Benzoate,N/A,Preservative,halal,synthesis from benzoic acid,"SANHA Halal E-Numbers list, sanha.org.za/e-numbers/"
E212,Potassium Benzoate,Benzoic acid potassium salt trihydrate,Preservative,halal,benzoic acid,"SANHA Halal E-Numbers list, sanha.org.za/e-numbers/"
E213,Calcium Benzoate,Benzoic acid calcium salt trihydrate,Preservative,halal,benzoic acid,"SANHA Halal E-Numbers list, sanha.org.za/e-numbers/"
E214,Ethyl 4-hydroxybenzoate,Ethyl para-hydroxybenzoate; Ethylparaben,Preservative,halal,benzoic acid,"SANHA Halal E-Numbers list, sanha.org.za/e-numbers/"
E215,Ethyl 4-hydroxybenzoate sodium salt,Sodium ethyl para-hydroybenzoate,Preservative,halal,benzoic acid,"SANHA Halal E-Numbers list, sanha.org.za/e-numbers/"
E216,Propyl 4-hydroxybenzoate,propylparaben; n-propyl p-hydroxybenzoate; propyl para-hydroxybenzoate,Preservative,halal,benzoic acid,"SANHA Halal E-Numbers list, sanha.org.za/e-numbers/"
E217,Propyl 4-hydroxybenzoate sodium salt,Sodium n-propyl p-hydroxybenzoate; Sodium propyl para-hydroxybenzoate,Preservative,halal,synthetic chemical,"SANHA Halal E-Numbers list, sanha.org.za/e-numbers/"
E218,Methyl 4-hydroxybenzoate,Methyl paraben; Methyl para-hydroxybenzoate,Preservative,halal,synthetic chemical,"SANHA Halal E-Numbers list, sanha.org.za/e-numbers/"
E219,Methyl 4-hydroxybenzoate sodium salt,Sodium methyl para-hydroxybenzoate; Sodium methyl hydroxybenzoate,Preservative,halal,synthetic chemical,"SANHA Halal E-Numbers list, sanha.org.za/e-numbers/"
E220,Sulphur Dioxide,Sulfur dioxide; Sulfurous anhydride; sulfurous oxide,Preservative,halal,synthetic chemical,"SANHA Halal E-Numbers list, sanha.org.za/e-numbers/"
E221,Sodium Sulphite,N/A,Preservative,halal,synthetic from sulphurous acid,"SANHA Halal E-Numbers list, sanha.org.za/e-numbers/"
E222,Sodium Hydrogen Sulphite,Sodium bisulphite; acid sodium sulphite,Preservative,halal,from sulphurous acid,"SANHA Halal E-Numbers list, sanha.org.za/e-numbers/"
E223,Sodium Metabisulphite,Disodium pyrosulphite; sodium pyrosulphite,Preservative,halal,synthetic from sulphurous acid,"SANHA Halal E-Numbers list, sanha.org.za/e-numbers/"
E224,Potassium metabisulphite,Potassium pyrosulphite,"Preservative, Antioxidant",halal,synthetic chemical,"SANHA Halal E-Numbers list, sanha.org.za/e-numbers/"
E225,Sodium Sulfite,"Sodium Sulphite; Sulfurous acid, disodium salt; Disodium sulfite",,halal,synthetic chemical,"SANHA Halal E-Numbers list, sanha.org.za/e-numbers/"
E226,Calcium Sulphite,N/A,"Preservative, Firming agent",halal,from sulphurous acid,"SANHA Halal E-Numbers list, sanha.org.za/e-numbers/"
E227,Calcium Hydrogen Sulphite,Calcium bisulphite solution,"Preservative, Firming agent",halal,from sulphurous acid,"SANHA Halal E-Numbers list, sanha.org.za/e-numbers/"
E228,Potassium Hydrogen Sulphite,N/A,Preservative,halal,Synthetic chemical,"SANHA Halal E-Numbers list, sanha.org.za/e-numbers/"
E230,Biphenyl,"Diphenyl; 1,1-Biphenyl; bibenzene; phenylbenzene",Antifungal preservative,halal,synthetic chemical,"SANHA Halal E-Numbers list, sanha.org.za/e-numbers/"
E231,2-Hydroxybiphenyl,"o-Phenylphenol; orthophenylphenol; (1,1-Biphenyl)-2-ol; 2-biphenylol; orthoxenol",Preservative,halal,synthetic chemical,"SANHA Halal E-Numbers list, sanha.org.za/e-numbers/"
E232,Sodium biphenyl-2-yl oxide,Sodium O-phenylphenol; Sodium orthophenylphenate; (trihydrate),"Preservative, Antifungal",halal,synthetic chemical,"SANHA Halal E-Numbers list, sanha.org.za/e-numbers/"
E233,2-(Thiazol-4-yl) benzimidazole,Thiabendazole; Omnizole; Thiaben; Tribendazole,,halal,synthetic chemical,"SANHA Halal E-Numbers list, sanha.org.za/e-numbers/"
E234,Nisin,N/A,"Preservative, Antimicrobial",halal,biosynthetic,"SANHA Halal E-Numbers list, sanha.org.za/e-numbers/"
E235,Natamycin,Pimiricin; antibiotic A 5283; tennecetin; CL 12625,Preservative,halal,microbiological synthesis,"SANHA Halal E-Numbers list, sanha.org.za/e-numbers/"
E236,Formic Acid,Methanoic Acid; Ameisensaure,,halal,synthetic chemical,"SANHA Halal E-Numbers list, sanha.org.za/e-numbers/"
E237,Sodium Formate,sodium formiate; formic acid sodium salt,,halal,from formic acid,"SANHA Halal E-Numbers list, sanha.org.za/e-numbers/"
E238,Calcium Formate,calcium formiate; formic acid calcium salt,,halal,from formic acid,"SANHA Halal E-Numbers list, sanha.org.za/e-numbers/"
E239,Hexamine,Hexamethylenetetramine; Methenamine; HMT; HMTA,Preservative,halal,synthetic chemical,"SANHA Halal E-Numbers list, sanha.org.za/e-numbers/"
E240,Formaldehyde,methanal; oxomethane; oxymethylene; methylene oxide; formic aldehyde; methyl aldehyde,,halal,synthetic chemical,"SANHA Halal E-Numbers list, sanha.org.za/e-numbers/"
E242,Dimethyl Dicarbonate,dicarbonic acid; dimethyl ester; dimethyl polycarbonate; Velcorin,"Preservative, Fungicide",halal,Synthetic Chemical,"SANHA Halal E-Numbers list, sanha.org.za/e-numbers/"
E249,Potassium Nitrite,N/A,"Preservative, Colour fixative",halal,from nitrous acid,"SANHA Halal E-Numbers list, sanha.org.za/e-numbers/"
E250,Sodium Nitrite,Nitrous acid sodium salt; erinitrit,Preservative,halal,synthetic from sodium nitrate,"SANHA Halal E-Numbers list, sanha.org.za/e-numbers/"
E251,Sodium Nitrate,Chile saltpetre; cubic niter;soda niter,Preservative,halal,mineral,"SANHA Halal E-Numbers list, sanha.org.za/e-numbers/"
E260,Acetic Acid,Acetic acid glacial; Aci-Jel,Food Acid Butter,halal,synthetic,"SANHA Halal E-Numbers list, sanha.org.za/e-numbers/"
E261,Potassium Acetate,N/A,"Acidity Regulator, Preservative",halal,acetic acid,"SANHA Halal E-Numbers list, sanha.org.za/e-numbers/"
E262,Sodium Hydrogen Diacetate,Sodium Acid Acetate (anhydrous / trihydrate); sodium diacetate,"Acidity Regulator, Preservative",halal,acetic acid,"SANHA Halal E-Numbers list, sanha.org.za/e-numbers/"
E263,Calcium Acetate,Brown acetate of lime; gray acetate of lime,"Food Acid, Firming agent",halal,from acetic,"SANHA Halal E-Numbers list, sanha.org.za/e-numbers/"
E264,Ammonium Acetate,Acetic acid ammonium salt,,halal,synthetic chemical,"SANHA Halal E-Numbers list, sanha.org.za/e-numbers/"
E270,Lactic Acid,D-Lactic acid; DL-Lactic acid; 2-Hydroxypropanoic acid; racemic lactic acid,"Food acid, Preservative",halal,Fruit /,"SANHA Halal E-Numbers list, sanha.org.za/e-numbers/"
E280,Propionic Acid,Propanoic acid; Methylacetic acid; ethylformic acid,Preservative,halal,synthetic chemical; from wood pulp,"SANHA Halal E-Numbers list, sanha.org.za/e-numbers/"
E281,Sodium Propionate,Propionic acid sodium salt,Preservative,halal,from propionic acid,"SANHA Halal E-Numbers list, sanha.org.za/e-numbers/"
E282,Calcium Propionate,Propionic acid calcium salt,"Mould inhibitor, Preservative",halal,from propionic acid,"SANHA Halal E-Numbers list, sanha.org.za/e-numbers/"
E283,Potassium Propionate,Propionic acid potassium salt,Preservative,halal,from propionic acid,"SANHA Halal E-Numbers list, sanha.org.za/e-numbers/"
E284,Boric Acid,Boracic acid; orthoboric acid,"Preservative, Oral care agent",halal,natural mineral,"SANHA Halal E-Numbers list, sanha.org.za/e-numbers/"
E285,Sodium Tetraborate,Borax; sodium borate; sodium biborate,Preservative,halal,mineral,"SANHA Halal E-Numbers list, sanha.org.za/e-numbers/"
E296,Malic Acid,"DL-Malic acid; Hydroxybutanedioic acid; hydroxysuccinic acid; apple acid; 2-hydroxy-1,4-butanedioic acid","Acidity Regulator, Antioxidant",halal,synthetic,"SANHA Halal E-Numbers list, sanha.org.za/e-numbers/"
E297,Fumaric Acid,(E)-2-Butadioic acid; allomaleic acid; boletic acid,"Food acid, Antioxidant",halal,biosynthetic,"SANHA Halal E-Numbers list, sanha.org.za/e-numbers/"
E300,Vitamin C,L-Ascorbic acid; Ascorbic acid,Preservative Antioxidant,halal,Biosynthetic,"SANHA Halal E-Numbers list, sanha.org.za/e-numbers/"
E301,Vitamin C Sodium,Sodium L-Ascorbate; Sodium L-(+)-ascorbate,Antioxidant,halal,from Vitamin C,"SANHA Halal E-Numbers list, sanha.org.za/e-numbers/"
E302,Vitamin C Calcium,Calcium ascorbate; Calcium L-ascorbate,"Preservative, Antioxidant",halal,synthetic chemical,"SANHA Halal E-Numbers list, sanha.org.za/e-numbers/"
E303,Potassium Ascorbate,Ascorbic acid potassium salt,,halal,from ascorbic acid,"SANHA Halal E-Numbers list, sanha.org.za/e-numbers/"
E304,6-o-Palmitoyl-L-ascorbic Acid,Ascorbyl palmitate,Antioxidant Preservative,halal,synthetic chemical,"SANHA Halal E-Numbers list, sanha.org.za/e-numbers/"
E306,Vitamin E Oil Extracts,Soya bean oil; wheat germ oil; rice germ oil; cottonseed oil; maize oil,,halal,,"SANHA Halal E-Numbers list, sanha.org.za/e-numbers/"
E307,Alpha-Tocopherol,Vitamin E; DL-alpha-tocopherol,Antioxidant Nutrient,halal,synthetic chemical,"SANHA Halal E-Numbers list, sanha.org.za/e-numbers/"
E308,Gamma-Tocopherol,Vitamin E; DL-gamma-tocopherol,Antioxidant,halal,synthetic chemical,"SANHA Halal E-Numbers list, sanha.org.za/e-numbers/"
E309,Delta-Tocopherol,Vitamin E; DL-delta-tocopherol,Antioxidant,halal,synthetic chemical,"SANHA Halal E-Numbers list, sanha.org.za/e-numbers/"
E310,Propyl Gallate,"Propyl 3,4,5 trihydroxybenzoate",Antioxidant,halal,synthesised from gallic acid which is produced from tannins extracted,"SANHA Halal E-Numbers list, sanha.org.za/e-numbers/"
E311,Octyl Gallate,N/A,Antioxidant,halal,synthesised from gallic acid which is produced from tannins extracted from nut,"SANHA Halal E-Numbers list, sanha.org.za/e-numbers/"
E312,Dodecyl gallate,"Dodecyl 3,4,5-trihydroxybenzoate",Antioxidant,halal,synthesised from gallic acid which is produced from tannins extracted from,"SANHA Halal E-Numbers list, sanha.org.za/e-numbers/"
E315,Erythorbic Acid,Isoascorbic acid; isovitamin C; saccharosonic acid; glucosaccharosonic acid,"Antioxidant, Preservative",halal,synthetic chemical,"SANHA Halal E-Numbers list, sanha.org.za/e-numbers/"
E316,Sodium Erythorbate,Isoascorbic acid sodium salt; Mercate 20; Neo-Cebitate,Antioxidant,halal,synthetic chemical,"SANHA Halal E-Numbers list, sanha.org.za/e-numbers/"
E317,Erythorbin Acid,Erythorbic acid,,halal,same chemical as erythorbic acid (manufactured from sucrose),"SANHA Halal E-Numbers list, sanha.org.za/e-numbers/"
E318,Sodium Erythorbin,erythorbin acid sodium salt,,halal,from erythorbin,"SANHA Halal E-Numbers list, sanha.org.za/e-numbers/"
E319,tert-Butylhydroxyquinone,TBHQ,,halal,synthetic chemical,"SANHA Halal E-Numbers list, sanha.org.za/e-numbers/"
E320,Butylated Hydroxyanisole,BHA; Antracine 12,Antioxidant Preservative,halal,synthetic chemical,"SANHA Halal E-Numbers list, sanha.org.za/e-numbers/"
E321,Butylated Hydroxytoluene,"BHT; Antracine 8; 2,6-di-ter-butyl-p-cresol",Antioxidant Preservative,halal,synthetic chemical,"SANHA Halal E-Numbers list, sanha.org.za/e-numbers/"
E322,Lecithin,Phosphatidylcholine; Lecithol,"Stabiliser, Emulsifier",halal,Soybean (mainly); Eggs; Leguminous seeds,"SANHA Halal E-Numbers list, sanha.org.za/e-numbers/"
E325,Sodium Lactate,Lactic acid sodium salt; L-sodium lactate; Purasal S,"Humectant, Bulking agent",halal,synthesised from lactic,"SANHA Halal E-Numbers list, sanha.org.za/e-numbers/"
E326,Potassium Lactate,Lactic acid potassium salt,"Acidity Regulator, Humectant",halal,synthesised from lactic acid,"SANHA Halal E-Numbers list, sanha.org.za/e-numbers/"
E327,Calcium Lactate,Lactic acid calcium salt,"Food acid, Buffer",halal,synthesised from lactic acid,"SANHA Halal E-Numbers list, sanha.org.za/e-numbers/"
E329,Magnesium Lactate,lactic acid magnesium salt,,halal,from lactic acid (biofermentation of starch),"SANHA Halal E-Numbers list, sanha.org.za/e-numbers/"
E330,Citric Acid,"Citric Acid Monohydrate; Citric Acid Anhydrous; B-hydroxytricarballic acid; 2-hydroxy-1,2,3,-propane tricarboxylic acid","Acidity Regulator, Flavouring",halal,,"SANHA Halal E-Numbers list, sanha.org.za/e-numbers/"
E331,Sodium Citrate,Citric acid sodium salt,"Acidity Regulator, Emulsifier",halal,synthesised from citric acid,"SANHA Halal E-Numbers list, sanha.org.za/e-numbers/"
E331(a),Sodium Dihydrogen Citrate,Monosodium citrate,,halal,synthesised from citric acid,"SANHA Halal E-Numbers list, sanha.org.za/e-numbers/"
E331(b),Disodium Citrate,Citric acid disodium salt,,halal,synthesised from citric acid,"SANHA Halal E-Numbers list, sanha.org.za/e-numbers/"
E331(c),Trisodium Citrate,Citric acid trisodium salt; citrosodine,,halal,synthesised from citric acid,"SANHA Halal E-Numbers list, sanha.org.za/e-numbers/"
E332,Potassium Dihydrogen Citrate,Citric acid monopotassium salt. Monopotassium citrate. Tripotassium citrate; potassium citrate,"Acidity Regulator, Stabiliser",halal,,"SANHA Halal E-Numbers list, sanha.org.za/e-numbers/"
E333,Calcium Citrate,mono- di- & triCalcium citrate,"Food acid, Butter",halal,synthesised from citric acid,"SANHA Halal E-Numbers list, sanha.org.za/e-numbers/"
E338,Phosphoric acid,Orthophosphoric acid,Acidity Regulator,halal,phosphate ore,"SANHA Halal E-Numbers list, sanha.org.za/e-numbers/"
E339(a),Sodium dihydrogen orthophosphate,N/A,,halal,phosphoric acid,"SANHA Halal E-Numbers list, sanha.org.za/e-numbers/"
E339(b),diSodium hydrogen orthophosphate,N/A,,halal,synthesised from phosphoric acid,"SANHA Halal E-Numbers list, sanha.org.za/e-numbers/"
E339(c),triSodium hydrogen orthophosphate,N/A,,halal,synthesised from phosphoric acid,"SANHA Halal E-Numbers list, sanha.org.za/e-numbers/"
E340(a),Potassium dihydrogen orthophosphate,monopotassium phosphate; MKP,,halal,synthesised from phosphoric acid,"SANHA Halal E-Numbers list, sanha.org.za/e-numbers/"
E340(b),diPotassium hydrogen orthophosphate,dipotassium phosphate; DKP; potassium phosphate dibasic,,halal,synthesised from phosphoric acid,"SANHA Halal E-Numbers list, sanha.org.za/e-numbers/"
E340(c),triPotassium orthophosphate,dipotassium phosphate; DKP; potassium phosphate tribasic; tripotassium monophosphate,,halal,synthesised from phosphoric acid,"SANHA Halal E-Numbers list, sanha.org.za/e-numbers/"
E341(a),Calcium Tetrahydrogen Diorthophosphate,monocalcium phosphate; MCP; acid calcium phosphate; ACP; monocalcium orthophosphate; monobasic calcium phosphate; calcium biphosphate,,halal,,"SANHA Halal E-Numbers list, sanha.org.za/e-numbers/"
E341(b),Calcium Hydrogen Orthophosphate,dicalcium phosphate; DCP; calcium phosphate dibasic; calcium hydrogen phosphate; secondary calcium phosphate,,halal,,"SANHA Halal E-Numbers list, sanha.org.za/e-numbers/"
E341(c),triCalcium diorthophosphate,tricalcium phosphate; calcium phosphate tribasic,,halal,synthesised from calcium phosphate,"SANHA Halal E-Numbers list, sanha.org.za/e-numbers/"
E343,Monomagnesium Phosphate,N/A,Anticaking Agent,halal,synthesised,"SANHA Halal E-Numbers list, sanha.org.za/e-numbers/"
E350,Sodium Malate,Malic acid sodium salt; Sodium hydrogen malate,"Acidity Regulator, Humectant",halal,from malic acid. Health,"SANHA Halal E-Numbers list, sanha.org.za/e-numbers/"
E351,Potassium Malate,malic acid potassium salt,Acidity Regulator,halal,from malic acid,"SANHA Halal E-Numbers list, sanha.org.za/e-numbers/"
E352,Calcium Malate,malic acid calcium salt; Calcium hydrogen malate,Buffer Firming agent,halal,from malic acid. Health,"SANHA Halal E-Numbers list, sanha.org.za/e-numbers/"
E355,Adipic Acid,Hexanedioic acid,Raising Agent Buffer,halal,synthetic chemical,"SANHA Halal E-Numbers list, sanha.org.za/e-numbers/"
E356,Sodium Adipate,Adipic acid sodium salt,"Acidity Regulator, Firming agent",halal,synthetic chemical,"SANHA Halal E-Numbers list, sanha.org.za/e-numbers/"
E357,Potassium Adipate,Adipic acid potassium salt,"Acidity Regulator, Buffer",halal,synthetic chemical,"SANHA Halal E-Numbers list, sanha.org.za/e-numbers/"
E363,Succinic Acid,N/A,"Flavour enhancer, Acidity regulator",halal,synthetic chemical,"SANHA Halal E-Numbers list, sanha.org.za/e-numbers/"
E365,Sodium Fumarate,monosodium fumarate; fumaric acid sodium salt,,halal,from fumaric acid (biosynthetic),"SANHA Halal E-Numbers list, sanha.org.za/e-numbers/"
E366,Potassium Fumarate,fumaric acid potassium salt,,halal,from fumaric acid (biosynthetic),"SANHA Halal E-Numbers list, sanha.org.za/e-numbers/"
E367,Calcium Fumarate,fumaric acid calcium salt,,halal,from fumaric acid (biosynthetic),"SANHA Halal E-Numbers list, sanha.org.za/e-numbers/"
E370,"1,4-Heptonolactone",N/A,,halal,synthetic chemical,"SANHA Halal E-Numbers list, sanha.org.za/e-numbers/"
E375,Nicotinic Acid,Niacin,,halal,synthetic from nicotine,"SANHA Halal E-Numbers list, sanha.org.za/e-numbers/"
E380,triAmmonium Citrate,citric acid triammonium salt; ammonium citrate tribasic,Acidity Regulator,halal,from citric acid,"SANHA Halal E-Numbers list, sanha.org.za/e-numbers/"
E381,Ammonium Ferric Citrate,Ferric ammonium citrate; ammonium ferric citrate green,,halal,from citric acid,"SANHA Halal E-Numbers list, sanha.org.za/e-numbers/"
E385,Calcium Disodium EDTA,Calcium Disodium Edetate; Calcium Disodium ethylenediamine NNNN tetra-acetate,"Preservative, Sequestrant",halal,synthetic chemical. Health,"SANHA Halal E-Numbers list, sanha.org.za/e-numbers/"
E400,Alginic Acid,Norgine; polymannuronic acid; Sazio,"Thickener, Vegetable gum",halal,from seaweeds,"SANHA Halal E-Numbers list, sanha.org.za/e-numbers/"
E401,Sodium Alginate,Alginic acid sodium salt; Algin; Sodium polymannuronate,"Thickener, Stabiliser",halal,from brown seaweeds,"SANHA Halal E-Numbers list, sanha.org.za/e-numbers/"
E402,Potassium Alginate,Potassium polymannuronate; alginic acid potassium salt,"Thickener, Stabiliser",halal,from alginic acid,"SANHA Halal E-Numbers list, sanha.org.za/e-numbers/"
E403,Ammonium Alginate,alginic acid ammonium salt,"Thickener, Stabiliser",halal,from alginic acid,"SANHA Halal E-Numbers list, sanha.org.za/e-numbers/"
E404,Calcium Alginate,Algin; alginic acid calcium salt,"Thickener, Stabiliser",halal,from alginic acid,"SANHA Halal E-Numbers list, sanha.org.za/e-numbers/"
E405,Propylene glycol alginate,"Propylene glycol alginate ester; Propane-1,2-diol alginate","Thickener, Stabiliser",halal,Sythetic from alginic acid. Health,"SANHA Halal E-Numbers list, sanha.org.za/e-numbers/"
E406,Agar Agar,Agar; Japanese isinglass; gelose; vegetable gelatine,"Thickener, Emulsifier",halal,seaweed,"SANHA Halal E-Numbers list, sanha.org.za/e-numbers/"
E407,Carrageen,Irish moss,"Thickener, Vegetable gum",halal,seaweed extract,"SANHA Halal E-Numbers list, sanha.org.za/e-numbers/"
E407a,Processed Eucheuma Seaweed,PES; PNG-carrageenan; semi-refined carrageenan,"Thickener, Stabiliser",halal,"In addition to carrageenan polysaccharides, processed eucheuma","SANHA Halal E-Numbers list, sanha.org.za/e-numbers/"
E410,Locust Bean Gum,Ceratonia gum; Carob bean gum,"Thickener, Emulsifier",halal,from pod of Carob tree. Also,"SANHA Halal E-Numbers list, sanha.org.za/e-numbers/"
E412,Guar Gum,Guar flour; Jaguar gum; Cluster bean; Decorpa,"Thickener, Stabiliser",halal,pea extract,"SANHA Halal E-Numbers list, sanha.org.za/e-numbers/"
E413,Tragacanth,Gum dragon; Gum tragacanth,"Thickener, Emulsifier",halal,from trunk and branches of Astragalus tree,"SANHA Halal E-Numbers list, sanha.org.za/e-numbers/"
E414,Gum Arabic,Acacia; Sudan gum; Gum hashab; Kordofan gum,"Thickener, Emulsifier",halal,from stems & branches of,"SANHA Halal E-Numbers list, sanha.org.za/e-numbers/"
E415,Xanthan gum,Corn sugar gum; Polysaccharide B-1459,"Thickener, Emulsifier",halal,fermentation of corn sugar,"SANHA Halal E-Numbers list, sanha.org.za/e-numbers/"
E416,Karaya Gum,Sterculia gum; Indian tragacanth,"Thickener, Stabiliser",halal,from trunk & stems of Sterculia tree. Health,"SANHA Halal E-Numbers list, sanha.org.za/e-numbers/"
E417,Tara Gum,N/A,"Thickener, Stabiliser",halal,from seeds of Tara tree,"SANHA Halal E-Numbers list, sanha.org.za/e-numbers/"
E418,Gellan gum,N/A,"Thickener, Stabiliser",halal,microbiological fermentation,"SANHA Halal E-Numbers list, sanha.org.za/e-numbers/"
E420(i),Sorbitol,D-Glucitol; D-sorbitol; L-gulitol; sorbit; Handsan,,halal,synthesised from glucose,"SANHA Halal E-Numbers list, sanha.org.za/e-numbers/"
E420(ii),Sorbitol Syrup,N/A,,halal,Aqueous solution of sorbitol and hydrogenated oligosaccharides,"SANHA Halal E-Numbers list, sanha.org.za/e-numbers/"
E421,Mannitol,Manna Sugar,"Sweetener, Humectant",halal,"Prepared from seaweed or manna or by hydrogenation of glucose, sucrose,","SANHA Halal E-Numbers list, sanha.org.za/e-numbers/"
E425,Konjac gum,N/A,"Emulsifier, Thickener",halal,from Konjac plant root,"SANHA Halal E-Numbers list, sanha.org.za/e-numbers/"
E426,Soyabean Hemicellulose,N/A,,halal,soya bean,"SANHA Halal E-Numbers list, sanha.org.za/e-numbers/"
E432,Tween 20,Polysorbate 20; Polyoxyethylene (20) sorbitan monolaurate,"Emulsifier, Stabiliser",halal,Lauric esters of sorbitol condensed with,"SANHA Halal E-Numbers list, sanha.org.za/e-numbers/"
E434,Tween 40,Polysorbate 40; Polyoxyethylene (20) sorbitan monopalmitate,Emulsifier,halal,Palmitate ester of sorbitol copolymerised with ethylene,"SANHA Halal E-Numbers list, sanha.org.za/e-numbers/"
E440(a),Pectin,N/A,,halal,Apple residues from cider making & orange pith. Check that source is not,"SANHA Halal E-Numbers list, sanha.org.za/e-numbers/"
E442,Emulsifier YN,Ammonium phosphatides,"Emulsifier, Stabiliser",halal,synthetic chemical,"SANHA Halal E-Numbers list, sanha.org.za/e-numbers/"
E444,Sucrose Acetate Isobutyrate,SAIB; sucrose diacetate hexaisobutyrate,"Emulsifier, Stabiliser",halal,synthetic chemical,"SANHA Halal E-Numbers list, sanha.org.za/e-numbers/"
E450(a),diSodium Pyrophosphate,diSodium dihydrogen diphosphate; DSPP; disodium dihydrogen pyrophosphate; acid sodium pyrophosphate; trisodium diphosphate; tetrapotassium diphosphate,,halal,,"SANHA Halal E-Numbers list, sanha.org.za/e-numbers/"
E450(b),pentaSodium Triphosphate,STPP; Sodium tripolyphosphate; pentapotassium triphosphate; potassium tripolyphosphate,,halal,sodium & potassium salts of,"SANHA Halal E-Numbers list, sanha.org.za/e-numbers/"
E450(c),Sodium Polyphosphates,Polyphosphoric acid sodium or potassium salts,,halal,Sodium & potassium salts of polyphosphoric,"SANHA Halal E-Numbers list, sanha.org.za/e-numbers/"
E450(v),Tetrapotassium Pyrophosphate,tetrapotassium diphosphate; potassium pyrophosphate,,halal,synthetic chemical,"SANHA Halal E-Numbers list, sanha.org.za/e-numbers/"
E451,Triphosphates,(i) pentasodium triphosphate; (ii) pentapotassium triphosphate,"Emulsifier, Stabiliser",halal,synthetic chemicals,"SANHA Halal E-Numbers list, sanha.org.za/e-numbers/"
E452,Polyphosphates,(i) sodium polyphosophate; (ii) Potassium polyphosphate; (iii) sodium calcium polyphosphate; (iv) calcium polyphosphates,"Emulsifier, Stabiliser",halal,,"SANHA Halal E-Numbers list, sanha.org.za/e-numbers/"
E459,Beta-cyclodextrin,N/A,Processing aid Stabiliser,halal,from microbial action on starch,"SANHA Halal E-Numbers list, sanha.org.za/e-numbers/"
E460,Cellulose,Avicel (microcrystalline cellulose); Alpha-cellulose (powdered cellulose),"Anticaking Agent, Binder",halal,cellulose walls of plant fibre. Health,"SANHA Halal E-Numbers list, sanha.org.za/e-numbers/"
E461,Methylcellulose,Methocel; Cologel,"Thickener, Stabiliser",halal,treatment of cellulose with methyl chloride,"SANHA Halal E-Numbers list, sanha.org.za/e-numbers/"
E462,Ethyl Cellulose,N/A,,halal,from wood pulp or chemical cotton,"SANHA Halal E-Numbers list, sanha.org.za/e-numbers/"
E463,Hydroxypropylcellulose,N/A,"Thickener, Emulsifier",halal,treatment of cellulose with propylene oxide,"SANHA Halal E-Numbers list, sanha.org.za/e-numbers/"
E464,Hydoxypropylmethylcellulose,Hypromellose,"Emulsifier, Thickener",halal,treatment of cellulose with methyl chloride & propylene oxide,"SANHA Halal E-Numbers list, sanha.org.za/e-numbers/"
E465,Ethylmethylcellulose,Methylethylcellulose,"Thickener, Emulsifier",halal,from cellulose (plant),"SANHA Halal E-Numbers list, sanha.org.za/e-numbers/"
E466,Carboxymethylcellulose Sodium,Carboxymethylcellulose sodium salt; CMC; Sodium caboxymethylcellulose; sodium cellulose glycolate; Carmellose sodium,"Thickener, Stabiliser",halal,Synthetically,"SANHA Halal E-Numbers list, sanha.org.za/e-numbers/"
E467,Ethylhydroxyethyl Cellulose,Bermocoll EBS 481 FQ; cellulose ethyl hydroxyethyl ether; ethyl 2-hydroxyethyl ether cellulose; etulos; Bermocoll E,,halal,,"SANHA Halal E-Numbers list, sanha.org.za/e-numbers/"
E468,Crosslinked Sodium Carboxymethyl Cellulose,Crosslinked NaCMC,Carrier,halal,from cellulose,"SANHA Halal E-Numbers list, sanha.org.za/e-numbers/"
E469,Enzymetically Hydrolysed Carboxymethyl Cellulose,N/A,"Thickener, Stabiliser",halal,from cellulose,"SANHA Halal E-Numbers list, sanha.org.za/e-numbers/"
E493,Sorbitan Monolaurate,Span 20,"Emulsifier, Stabiliser",halal,from sorbitol & lauric acid,"SANHA Halal E-Numbers list, sanha.org.za/e-numbers/"
E495,Sorbitan Monopalmitate,Span 40,"Emulsifier, Stabiliser",halal,from sorbitol & palmitic acid,"SANHA Halal E-Numbers list, sanha.org.za/e-numbers/"
E500,Sodium Bicarbonate,Sodium hydrogen carbonate; Baking soda; Bicarbonate of soda; Sodium sesquicarbonate; Trona,"Acidity Regulator, Anticaking agent",halal,,"SANHA Halal E-Numbers list, sanha.org.za/e-numbers/"
E501,Potassium Carbonate,Potassium hydrogen carbonate,"Acidity Regulator, Stabiliser",halal,synthetic,"SANHA Halal E-Numbers list, sanha.org.za/e-numbers/"
E503,Ammonium Carbonate,Hartshorn; Ammonium hydrogen carbonate; Ammonium bicarbonate,Buffer Nutraliser,halal,synthetic,"SANHA Halal E-Numbers list, sanha.org.za/e-numbers/"
E504,Magnesium Carbonate,Magnesite,"Anticaking Agent, Alkali",halal,mineral,"SANHA Halal E-Numbers list, sanha.org.za/e-numbers/"
E507,Hydrochloric Acid,N/A,"Acidity Regulator, Modifier",halal,synthetic,"SANHA Halal E-Numbers list, sanha.org.za/e-numbers/"
E508,Potassium Chloride,N/A,Gelling agent,halal,Mineral,"SANHA Halal E-Numbers list, sanha.org.za/e-numbers/"
E509,Calcium Chloride,N/A,"Firming agent, Sequestrant",halal,synthetic,"SANHA Halal E-Numbers list, sanha.org.za/e-numbers/"
E510,Ammonium Chloride,N/A,,halal,synthetic,"SANHA Halal E-Numbers list, sanha.org.za/e-numbers/"
E511,Magnesium Chloride,magnogene,"Firming agent, Buffer",halal,synthetic chemical,"SANHA Halal E-Numbers list, sanha.org.za/e-numbers/"
E512,Stannous Chloride,Tin dichloride; tin protochloride; Stannochlor,"Antioxidant, Colour retention agent",halal,synthetic chemical,"SANHA Halal E-Numbers list, sanha.org.za/e-numbers/"
E513,Sulphuric Acid,Sulfuric acid,Acidity Regulator,halal,synthetic,"SANHA Halal E-Numbers list, sanha.org.za/e-numbers/"
E514,Sodium Sulphate,Glauber's salt,"Acidity Regulator, Preservative",halal,mineral,"SANHA Halal E-Numbers list, sanha.org.za/e-numbers/"
E515,Potassium Sulphate,N/A,Acidity Regulator,halal,mineral,"SANHA Halal E-Numbers list, sanha.org.za/e-numbers/"
E516,Calcium Sulphate,Gypsum; Plaster of Paris,Firming agent,halal,mineral,"SANHA Halal E-Numbers list, sanha.org.za/e-numbers/"
E517,Ammonium Sulphate,Sulphuric acid diammonium salt; mascagnite,"Flour treatment, Stabiliser",halal,synthetic chemical,"SANHA Halal E-Numbers list, sanha.org.za/e-numbers/"
E518,Magnesium Sulphate,Epson salts; Epsomite,,halal,mineral,"SANHA Halal E-Numbers list, sanha.org.za/e-numbers/"
E519,Copper (II) Sulphate,Copper sulphate; copper sulfate; vitriol,,halal,"mineral, hydrocyanite or chalcanthite","SANHA Halal E-Numbers list, sanha.org.za/e-numbers/"
E520,Aluminium Sulphate,Alum; cake alum; patent alum,Modifier,halal,mineral alunogenite,"SANHA Halal E-Numbers list, sanha.org.za/e-numbers/"
E521,Aluminium Sodium Sulphate,Sodium Alum; Soda Alum,Buffer Firming Agent,halal,synthetic chemical,"SANHA Halal E-Numbers list, sanha.org.za/e-numbers/"
E522,Aluminium Potassium Sulphate,Potassium Alum; alum flour; burnt alum; alum meal,,halal,synthetic chemical,"SANHA Halal E-Numbers list, sanha.org.za/e-numbers/"
E523,Aluminium Ammonium Sulphate,Burnt Ammonium Alum; exsiccated ammonium alum,Stabiliser Buffer,halal,synthetic chemical,"SANHA Halal E-Numbers list, sanha.org.za/e-numbers/"
E524,Sodium Hydroxide,Caustic Soda; Lye,Emulsifier,halal,synthetic,"SANHA Halal E-Numbers list, sanha.org.za/e-numbers/"
E525,Potassium Hydroxide,N/A,"Alkali, Emulsifier",halal,synthetic,"SANHA Halal E-Numbers list, sanha.org.za/e-numbers/"
E526,Calcium Hydroxide,N/A,"Acidity Regulator, Firming agent",halal,synthetic,"SANHA Halal E-Numbers list, sanha.org.za/e-numbers/"
E527,Ammonium Hydroxide,Ammonia Water; Ammonia %,"Acidity regulator, Nutraliser",halal,synthetic,"SANHA Halal E-Numbers list, sanha.org.za/e-numbers/"
E528,Magnesium Hydroxide,Periclase,Acidity Regulator,halal,mineral,"SANHA Halal E-Numbers list, sanha.org.za/e-numbers/"
E529,Calcium Oxide,Quicklime; lime; burnt lime; calx,"Emulsifier, Texturiser",halal,synthetic from limestone,"SANHA Halal E-Numbers list, sanha.org.za/e-numbers/"
E530,Magnesium Oxide,Periclase; Native magnesium,"Anticaking Agent, Firming agent",halal,mineral,"SANHA Halal E-Numbers list, sanha.org.za/e-numbers/"
E535,Sodium Ferrocyanide,Sodium hexacyanoferrate II,Anticaking Agent,halal,synthetic,"SANHA Halal E-Numbers list, sanha.org.za/e-numbers/"
E536,Potassium Ferrocyanide,Potassium hexacyanoferrate II,"Anticaking Agent, Colouring",halal,synthetic,"SANHA Halal E-Numbers list, sanha.org.za/e-numbers/"
E538,Calcium Ferrocyanide,N/A,Anticaking Agent,halal,synthetic chemical,"SANHA Halal E-Numbers list, sanha.org.za/e-numbers/"
E540,diCalcium Diphosphate,diCalcium pyrophosphate,,halal,mineral & synthetic,"SANHA Halal E-Numbers list, sanha.org.za/e-numbers/"
E541,Sodium Aluminium Phosphate,Sodium Aluminium Phosphate acidic & basic. SAP,"Emulsifier, Acidity regulator",halal,synthetic from phosphoric,"SANHA Halal E-Numbers list, sanha.org.za/e-numbers/"
E543,Calcium Sodium Polyphosphate,N/A,,halal,synthetic from phosphoric acid,"SANHA Halal E-Numbers list, sanha.org.za/e-numbers/"
E544,Calcium Polyphosphates,N/A,,halal,synthetic from polyphosphoric acid,"SANHA Halal E-Numbers list, sanha.org.za/e-numbers/"
E545,Ammonium Polyphosphates,N/A,,halal,from phosphoric acid,"SANHA Halal E-Numbers list, sanha.org.za/e-numbers/"
E550,Sodium Silicate,Water glass; soluble glass,,halal,synthetic chemical,"SANHA Halal E-Numbers list, sanha.org.za/e-numbers/"
E551,Silicon Dioxide,Silica; Silicic anhydride; Flogard; Sipernat 22S; Pirosil; aerosil 200,Anticaking Agent,halal,Sand; Rocks Health,"SANHA Halal E-Numbers list, sanha.org.za/e-numbers/"
E552,Calcium Silicate,Wollastonite,"Anticaking Agent, Glazing agent",halal,mineral,"SANHA Halal E-Numbers list, sanha.org.za/e-numbers/"
E553(a),Magnesium Silicate,Manesium trisilicate,Anticaking Agent,halal,synthetic,"SANHA Halal E-Numbers list, sanha.org.za/e-numbers/"
E553(b),Talc,French chalk; magnesium hydrogen metasilicate,Anticaking Agent,halal,mineral,"SANHA Halal E-Numbers list, sanha.org.za/e-numbers/"
E554,Aluminium Sodium Silicate,Sodium Aluminosilicate,Anticaking Agent,halal,mineral & synthetic,"SANHA Halal E-Numbers list, sanha.org.za/e-numbers/"
E555,Pottasium Aluminium Silicate,Mica,Anticaking Agent,halal,mineral muscovite,"SANHA Halal E-Numbers list, sanha.org.za/e-numbers/"
E556,Aluminium Calcium Silicate,Calcium Aluminium Silicate,Anticaking Agent,halal,mineral,"SANHA Halal E-Numbers list, sanha.org.za/e-numbers/"
E558,Betonite,Bentonitum; soap clay,"Thickener, Anticaking agent",halal,clay deposite,"SANHA Halal E-Numbers list, sanha.org.za/e-numbers/"
E559,Kaolin,Kaolin heavy or light; Aluminium silicate,Anticaking Agent,halal,mineral,"SANHA Halal E-Numbers list, sanha.org.za/e-numbers/"
E574,Gluconic Acid,D-gluconic acid; dextronic acid; maltonic acid; glyconic acid; glycogenic acid; pentahydroxy caproic acid,"Anticaking Agent,",halal,,"SANHA Halal E-Numbers list, sanha.org.za/e-numbers/"
E575,"D-Glucono-1,5-lactone",Glucono delta-lactone,Acidity Regulator,halal,synthetic from glucose,"SANHA Halal E-Numbers list, sanha.org.za/e-numbers/"
E576,Sodium Gluconate,Gluconic acid sodium salt,"Acidity Regulator, Sequestrant",halal,synthetic from glucose,"SANHA Halal E-Numbers list, sanha.org.za/e-numbers/"
E577,Potassium Gluconate,Gluconic acid potassium salt,Sequestrant,halal,synthetic from glucose,"SANHA Halal E-Numbers list, sanha.org.za/e-numbers/"
E578,Calcium Gluconate,Gluconic acid calcium salt,Buffer Sequestrant,halal,synthetic from glucose,"SANHA Halal E-Numbers list, sanha.org.za/e-numbers/"
E579,Ferrous Gluconate,Fergon; Ferlucon; Ferronicum; Gluco-Ferrum; Iromon; Irox; Nionate,"Colour retention agent, Flavouring",halal,synthetic chemical. Health,"SANHA Halal E-Numbers list, sanha.org.za/e-numbers/"
E585,Ferrous Lactate,N/A,Colour fixative,halal,lactic acid,"SANHA Halal E-Numbers list, sanha.org.za/e-numbers/"
E586,4-Hexylresorcinol,ST 37; Ascaryl; Caprokol; Crystoids; Gelovermin; Sucrets; Worm-agen,,halal,synthetic chemical,"SANHA Halal E-Numbers list, sanha.org.za/e-numbers/"
E620,L-Glutamic Acid,"aminoglutaric acid; 2-aminopentanedioic acid; 1-aminopropane-1,3-dicarboxylic acid","Flavour enhancer, Antioxidant",halal,microbiological fermentation or acid hydrolysis,"SANHA Halal E-Numbers list, sanha.org.za/e-numbers/"
E621,MonoSodium Glutamate,MSG; Sodium hydrogen L-glutamate; Aji-no-moto; Sodium glutamate monohydrate; Accent,Flavour enhancer,halal,fermentation using molasses,"SANHA Halal E-Numbers list, sanha.org.za/e-numbers/"
E622,monoPotassium Glutamate,Potassium hydrogen L-glutamate,Flavour enhancer,halal,synthetic from glutamic acid,"SANHA Halal E-Numbers list, sanha.org.za/e-numbers/"
E623,Calcium Dihydrogen di-L-glutamate,N/A,Flavour enhancer,halal,synthetic from glutamic acid,"SANHA Halal E-Numbers list, sanha.org.za/e-numbers/"
E624,Monoammonium Glutamate,Ammonium glutamate,Flavour enhancer,halal,Synthetic chemical,"SANHA Halal E-Numbers list, sanha.org.za/e-numbers/"
E625,Magnesium Diglutamate,Magnesium glutamate,Flavour enhancer,halal,synthetic chemical,"SANHA Halal E-Numbers list, sanha.org.za/e-numbers/"
E626,Guanylic acid,5-guanylic acid,Flavour enhancer,halal,yeast or sardines or micro synthesised,"SANHA Halal E-Numbers list, sanha.org.za/e-numbers/"
E627,Sodium Guanylate,Guanosine 5-disodium phosphate,Flavour enhancer,halal,synthetic; guanylic acid,"SANHA Halal E-Numbers list, sanha.org.za/e-numbers/"
E628,Dipotassium Guanylate,Potassium guanylate; Potassium 5-guanylate,Flavour enhancer,halal,guanylic acid,"SANHA Halal E-Numbers list, sanha.org.za/e-numbers/"
E629,Calcium Guanylate,Calcium 5-guanylate,Flavour enhancer,halal,guanylic acid,"SANHA Halal E-Numbers list, sanha.org.za/e-numbers/"
E636,Maltol,"3-Hydroxy-2-methyl-(1,4-pyran); 3-Hydroxy-2-methyl-4H-pyran-4-one; Larixinic acid; 2-Methyl pyromeconic acid; Palatone; Veltol",,halal,synthetic chemical also from,"SANHA Halal E-Numbers list, sanha.org.za/e-numbers/"
E637,Ethyl Maltol,3-Hydroxy-2-ethyl-4-pyrone; 2-Ethyl pyromeconic acid; 3-Ethyl-2-hydroxy-4H-pyran-4-one; 2-Ethyl-3-ol-4H-pyran-4-one,,halal,synthetic from maltol,"SANHA Halal E-Numbers list, sanha.org.za/e-numbers/"
E650,Zinc Acetate,N/A,Flavour enhancer,halal,synthetic chemical,"SANHA Halal E-Numbers list, sanha.org.za/e-numbers/"
E900,Dimethylpolysiloxane,Simethicone; Dimethicone,Antifoaming agent,halal,synthetic,"SANHA Halal E-Numbers list, sanha.org.za/e-numbers/"
E901,Beeswax,Beeswax white or yellow,Glazing and polishing agent,halal,bee honeycomb,"SANHA Halal E-Numbers list, sanha.org.za/e-numbers/"
E902,Candelilla Wax,N/A,"Glazing agent, Emollient",halal,from candelilla plants,"SANHA Halal E-Numbers list, sanha.org.za/e-numbers/"
E903,Carnuaba Wax,N/A,"Glazing agent, Texturiser",halal,from leaves of Brazillian wax palm,"SANHA Halal E-Numbers list, sanha.org.za/e-numbers/"
E904,Shellac,N/A,Glazing agent,halal,resin of lac insect,"SANHA Halal E-Numbers list, sanha.org.za/e-numbers/"
E905,Mineral Hydrocarbons,N/A,Glazing agent,halal,petroleum distillate,"SANHA Halal E-Numbers list, sanha.org.za/e-numbers/"
E905a,Mineral Oil,Liquid paraffin; Liquid Petrolatum; paraffin oil; Nujol,,halal,from petroleum,"SANHA Halal E-Numbers list, sanha.org.za/e-numbers/"
E906,Gum Benzoic,Gum Benzoin; gum benzoe,,halal,from Sytroc tree,"SANHA Halal E-Numbers list, sanha.org.za/e-numbers/"
E907,Refined Microcrystalline Wax,N/A,,halal,petroleum,"SANHA Halal E-Numbers list, sanha.org.za/e-numbers/"
E908,Rice Bran Wax,N/A,,halal,rice,"SANHA Halal E-Numbers list, sanha.org.za/e-numbers/"
E912,Montanic acid esters,Montan Wax; lignite wax,Surface coating,halal,from lignite. Bleaching of Montan wax (palm,"SANHA Halal E-Numbers list, sanha.org.za/e-numbers/"
E913,Lanolin,Sheep wool grease; wool fat; oesipos; agnin; alapurin,,halal,sheep secretion found on wool,"SANHA Halal E-Numbers list, sanha.org.za/e-numbers/"
E914,Oxidised Polyethylene Wax,N/A,Humectant,halal,synthetic chemical,"SANHA Halal E-Numbers list, sanha.org.za/e-numbers/"
E922,Potassium Persulphate,potassium persulfate; Anthion,,halal,synthetic chemical,"SANHA Halal E-Numbers list, sanha.org.za/e-numbers/"
E923,Ammonium Persulphate,ammonium persulfate; ammonium peroxydisufate,,halal,synthetic chemical,"SANHA Halal E-Numbers list, sanha.org.za/e-numbers/"
E924,Potassium Bromate,N/A,,halal,synthetic chemical,"SANHA Halal E-Numbers list, sanha.org.za/e-numbers/"
E925,Chlorine,N/A,,halal,synthetic chemical,"SANHA Halal E-Numbers list, sanha.org.za/e-numbers/"
E926,Chlorine Dioxide,Chlorine peroxide,,halal,synthetic chemical,"SANHA Halal E-Numbers list, sanha.org.za/e-numbers/"
E927,Azodicabonamide,Azoforamide; Azo dicarboxillic acid; Azo bisformamide,,halal,synthetic chemical,"SANHA Halal E-Numbers list, sanha.org.za/e-numbers/"
E927b,Carbamide,Urea; carbonyldiamide,"Browning agent, Deodoriser",halal,synthetic chemical,"SANHA Halal E-Numbers list, sanha.org.za/e-numbers/"
E928,Benzoyl Peroxide,dibenzyl peroxide; benzoyl superoxide,,halal,synthetic chemical,"SANHA Halal E-Numbers list, sanha.org.za/e-numbers/"
E930,Calcium Peroxide,calcium dioxide,,halal,synthetic chemical,"SANHA Halal E-Numbers list, sanha.org.za/e-numbers/"
E938,Argon,N/A,Packaging gas,halal,Air,"SANHA Halal E-Numbers list, sanha.org.za/e-numbers/"
E939,Helium,N/A,"Packaging gas, Propellant",halal,Natural gas,"SANHA Halal E-Numbers list, sanha.org.za/e-numbers/"
E940,Dichlorodifluoromethane,difluorodichloromethane; Freon 12; Frigen 12; Halon,,halal,synthetic chemical,"SANHA Halal E-Numbers list, sanha.org.za/e-numbers/"
E941,Nitrogen,N/A,"Propellant, Packing gas",halal,Air,"SANHA Halal E-Numbers list, sanha.org.za/e-numbers/"
E942,Nitrous Oxide,Dinitrogen monoxide; laughing gas; hyponitrous acid anhydride; factitious air,Propellant,halal,synthetic chemical,"SANHA Halal E-Numbers list, sanha.org.za/e-numbers/"
E943a,Butane,n-butane,Colouring,halal,petroleum,"SANHA Halal E-Numbers list, sanha.org.za/e-numbers/"
E943b,Isobutane,2-methyl propane; methyl propane,Propellant,halal,synthetic chemical,"SANHA Halal E-Numbers list, sanha.org.za/e-numbers/"
E944,Propane,Dimethylmethane; propyl hydride,"Propellant, Aerator",halal,petroleum,"SANHA Halal E-Numbers list, sanha.org.za/e-numbers/"
E948,Oxygen,N/A,Packaging gas,halal,Air,"SANHA Halal E-Numbers list, sanha.org.za/e-numbers/"
E949,Hydrogen,Protium,Packaging gas,halal,synthetic chemical,"SANHA Halal E-Numbers list, sanha.org.za/e-numbers/"
E950,Acesulfame K,Acetosulfam K,"Artifificial Sweetener, Flavour Enhancer",halal,synthetic chemical,"SANHA Halal E-Numbers list, sanha.org.za/e-numbers/"
E951,Aspartame,APM; SC 18862; Canderel; Equal; NutraSweet; Sanecta; Tri-Sweet,"Artifificial Sweetener, Flavour Enhancer",halal,synthetic chemical Health,"SANHA Halal E-Numbers list, sanha.org.za/e-numbers/"
E952(i),Cylamic Acid,Cyclohexylsulfamic acid; cyclohexanesulfamic acid; hexamic acid,,halal,synthetic chemical,"SANHA Halal E-Numbers list, sanha.org.za/e-numbers/"
E952(iii),Calcium Cyclamate,Cyclamic acid calcium salt; Cyclan; Sucaryl calcium,,halal,synthetic chemical,"SANHA Halal E-Numbers list, sanha.org.za/e-numbers/"
E953,Isomalt,Palatinin; hydrogenated isomaltulose,"Artificial Sweetener, Thickener",halal,synthetically from sucrose,"SANHA Halal E-Numbers list, sanha.org.za/e-numbers/"
E954,Saccharin and its Salts,Benzosulphamide; o-sulphobenzimide; o-suphobenzoic acid imide; Glucide; Glucid; Saccharin sodium; Saccharin potassium; Saccharin calcium,,halal,,"SANHA Halal E-Numbers list, sanha.org.za/e-numbers/"
E955,Sucralose,N/A,Artificial Sweetener,halal,chlorinated sucrose derivative,"SANHA Halal E-Numbers list, sanha.org.za/e-numbers/"
E957,Thaumatin,Talin,"Flavour enhancer, Sweetener",halal,fruit extract of Benth tree,"SANHA Halal E-Numbers list, sanha.org.za/e-numbers/"
E959,Neohesperidine DihydroChalcone,Neohesperidine DC,"Sweetener, Flavour enhancer",halal,synthetically from naringen (from grapefruit),"SANHA Halal E-Numbers list, sanha.org.za/e-numbers/"
E962,Salt of Aspartame-Acesulfame,N/A,Artificial Sweetener,halal,from aspartame & acesulfame,"SANHA Halal E-Numbers list, sanha.org.za/e-numbers/"
E965(i),Maltitol,Hydrogenated maltose; D-maltitol,,halal,from maltose & glucose,"SANHA Halal E-Numbers list, sanha.org.za/e-numbers/"
E965(ii),Maltitol Syrup,HGS; hydrogenated glucose syrup; Lycasin,,halal,from glucose & maltose,"SANHA Halal E-Numbers list, sanha.org.za/e-numbers/"
E966,Lactitol,Lactositol; lactit; lactobiosit,"Artificial Sweetener, Texturiser",halal,lactose derivative,"SANHA Halal E-Numbers list, sanha.org.za/e-numbers/"
E967,Xylitol,D-xylitol; Xyliton; xylite,"Humectant, Stabiliser",halal,sythetic from xylose or xylan from plants,"SANHA Halal E-Numbers list, sanha.org.za/e-numbers/"
E968,Erythritol,Erythrol; erythrite; meso-erythritol; erytroglucin; phycite,,halal,"from algae, lichens, & grasses","SANHA Halal E-Numbers list, sanha.org.za/e-numbers/"
E999,Quillaia Extract,Quillaja,"Foaming agent, Flavouring",halal,bark extract of Quillaja tree,"SANHA Halal E-Numbers list, sanha.org.za/e-numbers/"
E120,Carminic Acid,Carmine of Cochineal; C.I. 75470; Natural Red 4,Colouring,haram,From insect Cochineal,"SANHA Haram E-Numbers list, sanha.org.za/e-numbers/"
E1000,Cholic Acid,Bile Acid,,syubhah,,"SANHA Syubhah E-Numbers list, sanha.org.za/e-numbers/"
E1405,Enzyme Treated Starch,N/A,,syubhah,check souce of enzyme,"SANHA Syubhah E-Numbers list, sanha.org.za/e-numbers/"
E1423,Acetylated Distarch Glycerol,N/A,,syubhah,from starch and glycerine. Check source of glycerine,"SANHA Syubhah E-Numbers list, sanha.org.za/e-numbers/"
E1430,Distarch Glycerine,N/A,,syubhah,from starch and glycerine. Check source of glycerine,"SANHA Syubhah E-Numbers list, sanha.org.za/e-numbers/"
E1441,Hydroxy Propyl Distarch Glycerine,N/A,,syubhah,from starch and glycerine. Check source of glycerine,"SANHA Syubhah E-Numbers list, sanha.org.za/e-numbers/"
E1443,Hydroxy Propyl Starch Glycerol,N/A,,syubhah,from starch and glycerine. Check source of glycerine,"SANHA Syubhah E-Numbers list, sanha.org.za/e-numbers/"
E1510,Ethanol,Ethyl Alcohol; Alcohol; absolute alcohol,"Solvent, Antibacterial",syubhah,"fermentation of starch, sugar, & carbohydrates; Chemical synthesis","SANHA Syubhah E-Numbers list, sanha.org.za/e-numbers/"
E1517,Glyceryl Diacetate,Diacetin; glycerol diacetate,,syubhah,Diacetic ester of glycerol. Check source of glycerol,"SANHA Syubhah E-Numbers list, sanha.org.za/e-numbers/"
E1518,Glyceryl Triacetate,Triacetin; triacetyl gycerine; Enzactin; Fungacetin; Vanay; acetin,Solvent,syubhah,Triacetic acid ester of glycerol. Check,"SANHA Syubhah E-Numbers list, sanha.org.za/e-numbers/"
E153,Carbon Black,Vegetable Carbon; Activated Charcoal; Carbon Amorphous; Pigment Black 6; CI 77266,Colouring,syubhah,Animal or,"SANHA Syubhah E-Numbers list, sanha.org.za/e-numbers/"
E161(g),Canthaxanthin,"4,4-dioxo-beta-carotene; Food Orange 8; C.I. 40850; carophyll red; orobronze; roxanthin red 10; caroteben plus",Colouring,syubhah,,"SANHA Syubhah E-Numbers list, sanha.org.za/e-numbers/"
E252,Potassium Nitrate,Saltpetre; niter; saltpeter,"Preservative, Colour fixative",syubhah,natural mineral; manufactured from waste animal or vegetable,"SANHA Syubhah E-Numbers list, sanha.org.za/e-numbers/"
E290,Carbon Dioxide,Carbonic acid gas; carbonic andydride,"Packaging gas, Preservative",syubhah,Fermentation (in production of alcohol); by-product,"SANHA Syubhah E-Numbers list, sanha.org.za/e-numbers/"
E334,L-(+)-Tartaric Acid,tartaric acid; l-tartaric acid,"Antioxidant, Food acid",syubhah,by-product of wine industry; also synthetic chemical,"SANHA Syubhah E-Numbers list, sanha.org.za/e-numbers/"
E335,Sodium L-(+)-tartrate,monosodium L-(+)-tartrate; disodium L-(+)-tartrate,"Acidity Regulator, Sequestrant",syubhah,from tartaric acid (check source),"SANHA Syubhah E-Numbers list, sanha.org.za/e-numbers/"
E336,Cream of Tartar,Potassium hydrogen tartrate; potassium acid tartrate; monopotassium L-(+)-tartrate; dipotassium L-(+)-tartrate,"Acidity Regulator, Stabiliser",syubhah,,"SANHA Syubhah E-Numbers list, sanha.org.za/e-numbers/"
E337,Potassium Sodium L-(+)-Tartrate,Sodium tartrate; potassium tartrate; sodium potassium tartrate; Rochelle salt,"Acidity Regulator, Stabiliser",syubhah,synthesised,"SANHA Syubhah E-Numbers list, sanha.org.za/e-numbers/"
E353,Metatartaric Acid,N/A,"Acidity Regulator, Sequestrant",syubhah,from tartaric acid (check source),"SANHA Syubhah E-Numbers list, sanha.org.za/e-numbers/"
E354,Calcium Tartrate,Tartaric acid calcium salt,"Acidity Regulator, Sequestrant",syubhah,from wine or synthetic. Check source of,"SANHA Syubhah E-Numbers list, sanha.org.za/e-numbers/"
E422,Glycerin,"Glycerine; Glycerol; 1,2,3-propanetriol","Humectant, Solvent",syubhah,oils & fats; chemical synthesis product is Halaal,"SANHA Syubhah E-Numbers list, sanha.org.za/e-numbers/"
E430,Polyoxyethylene (8) Stearate,Polyoxyl 8 stearate,,syubhah,Mixture of stearate & ethylene oxide. Check source,"SANHA Syubhah E-Numbers list, sanha.org.za/e-numbers/"
E431,Polyoxyethylene (40) Stearate,Polyoxyl 40 stearate,"Emulsifier, Defoamer",syubhah,Mixture of stearate & ethylene oxide. Check source,"SANHA Syubhah E-Numbers list, sanha.org.za/e-numbers/"
E433,Tween 80,Polysorbate 80; Polyoxyethlene (20) sorbitan mono-oleate,"Emulsifier, Stabiliser",syubhah,Oleic esters of sorbitan copolymerised with,"SANHA Syubhah E-Numbers list, sanha.org.za/e-numbers/"
E435,Tween 60,Polysorbate 60; Polyoxyethylene (20) sorbitan monostearate,"Emulsifier, Stabiliser",syubhah,Stearic acid ester of sorbitol copolymerised,"SANHA Syubhah E-Numbers list, sanha.org.za/e-numbers/"
E436,Tween 65,Polysorbate 65; Polyoxyethylene (20) sorbitan tristearate,Emulsifier,syubhah,Stearic acid ester of sorbitol copolymerised with,"SANHA Syubhah E-Numbers list, sanha.org.za/e-numbers/"
E440(b),Amidated Pectin,N/A,,syubhah,treatment of pectin with ammonia. Check that source of pectin is,"SANHA Syubhah E-Numbers list, sanha.org.za/e-numbers/"
E441,Gelatin,Gelfoam; Puragel,,syubhah,"from animal skin, tendons, ligaments, & bone. Check that not porcine","SANHA Syubhah E-Numbers list, sanha.org.za/e-numbers/"
E445,Glycerol Esters of Wood Rosin,N/A,"Emulsifier, Stabiliser",syubhah,Pine tree rosin & glycerine. Check source of,"SANHA Syubhah E-Numbers list, sanha.org.za/e-numbers/"
E470,"Sodium, Potassium, & Calcium Salts of Fatty Acids",Soaps,"Emulsifier, Stabiliser",syubhah,From fatty acids. Check source,"SANHA Syubhah E-Numbers list, sanha.org.za/e-numbers/"
E470b,Magnesium Salts of Fatty Acids,N/A,"Emulsifier, Stabiliser",syubhah,fatty acids. Check source of fatty acids. Health,"SANHA Syubhah E-Numbers list, sanha.org.za/e-numbers/"
E471,Glyceryl Monostearate,Distearate; Monostearin; GMS; Citrol EGMS,"Emulsifier, Stabiliser",syubhah,synthetically from glycerin and fatty acids. Check,"SANHA Syubhah E-Numbers list, sanha.org.za/e-numbers/"
E472(a),Acetoglycerides,Acetylated mono- & di-glycerides; Glycerol esters; Acetic acid esters of nono- & di-glycerides of fatty acids,,syubhah,,"SANHA Syubhah E-Numbers list, sanha.org.za/e-numbers/"
E472(b),Lactoglycerides,Lactylated mono- & di- glycerides; Lactic acid esters of mono- & di-glycerides of fatty acids,"Emulsifier,",syubhah,,"SANHA Syubhah E-Numbers list, sanha.org.za/e-numbers/"
E472(c),Citroglycerides,Citric acid esters of mono- & di-glycerides of fatty acids,Emulsifier,syubhah,fatty acid esters of,"SANHA Syubhah E-Numbers list, sanha.org.za/e-numbers/"
E472(d),Tartaric acid glycerol esters,Tartaric acid esters of mono- & di-glycerides of fatty acids,"Emulsifier, Stabiliser",syubhah,,"SANHA Syubhah E-Numbers list, sanha.org.za/e-numbers/"
E472(e),Acetyltartaric acid glycerol esters,mono- & di-acetyltartaric acid esters of mono & di-glycerides of fatty acids; Panodan,,syubhah,,"SANHA Syubhah E-Numbers list, sanha.org.za/e-numbers/"
E472f,Mixed Acetic & Tartaric Acid Esters of Mono & Digl,N/A,"Emulsifier, Stabiliser",syubhah,fatty acids. Check,"SANHA Syubhah E-Numbers list, sanha.org.za/e-numbers/"
E473,Sucrose Esters of Fatty Acids,N/A,"Emulsifier, Stabiliser",syubhah,"From gycerol, sucrose, & fatty acids. Check source","SANHA Syubhah E-Numbers list, sanha.org.za/e-numbers/"
E474,Sucroglycerides,N/A,"Emulsifier, Stabiliser",syubhah,Prepared by the action of sucrose on natural triglycerides. Check source of,"SANHA Syubhah E-Numbers list, sanha.org.za/e-numbers/"
E475,Polyglycerol Esters of Fatty Acids,N/A,"Emulsifier, Thickener",syubhah,Synthetic from glycerol & fatty acids. Check source,"SANHA Syubhah E-Numbers list, sanha.org.za/e-numbers/"
E476,Polyglycerol Polyricinoleate,Polyglycerol esters of polycondensed fatty acids of castor oil,Emulsifier,syubhah,From castor oil &,"SANHA Syubhah E-Numbers list, sanha.org.za/e-numbers/"
E477,Propylene Glycol Esters of Fatty Acids,"Propane-1,2-diol esters of fatty acids","Emulsifier, Aerating agent",syubhah,from propylene,"SANHA Syubhah E-Numbers list, sanha.org.za/e-numbers/"
E478,Lactylated Fatty Acid Esters,"Lactylated fatty acid esters of glycerol & propane-1,2-diol",,syubhah,fatty acid,"SANHA Syubhah E-Numbers list, sanha.org.za/e-numbers/"
E479b,Thermally oxidized Soya Bean Oil interacted with M,N/A,Emulsifier,syubhah,fatty acids. Check source of fatty,"SANHA Syubhah E-Numbers list, sanha.org.za/e-numbers/"
E481,Sodium Stearoyl-2 lactylate,N/A,"Emulsifier, Stabiliser",syubhah,Stearic & lactic acids. Check source of stearic acid. Health,"SANHA Syubhah E-Numbers list, sanha.org.za/e-numbers/"
E482,Calcium Stearoyl-2-lactylate,N/A,"Emulsifier, Stabiliser",syubhah,Stearic & lactic acids. Check source of stearic acid,"SANHA Syubhah E-Numbers list, sanha.org.za/e-numbers/"
E483,Stearyl Tartrate,N/A,"Emulsifier, Stabiliser",syubhah,from stearic & tartaric acids. Check source of stearic & tartaric,"SANHA Syubhah E-Numbers list, sanha.org.za/e-numbers/"
E491,Sorbitan Monostearate,N/A,"Emulsifier, Glazing agent",syubhah,from stearic acid & sorbitol. Check source of stearic acid,"SANHA Syubhah E-Numbers list, sanha.org.za/e-numbers/"
E492,Sorbitan Tristearate,Span 65,Emulsifier,syubhah,from sorbitol & stearic acid,"SANHA Syubhah E-Numbers list, sanha.org.za/e-numbers/"
E494,Sorbitan Mono-oleate,Span 80,Emulsifier,syubhah,from sorbitol & oleic acid. Check source of oleic acid. Health,"SANHA Syubhah E-Numbers list, sanha.org.za/e-numbers/"
E542,Edible Bone Phosphate,N/A,,syubhah,Animal bones,"SANHA Syubhah E-Numbers list, sanha.org.za/e-numbers/"
E570,Stearic Acid,Octadecanoic acid,"Emulsifier, Binder",syubhah,From animal or vegetable oils; synthetically from cottonseed or other,"SANHA Syubhah E-Numbers list, sanha.org.za/e-numbers/"
E572,Magnesium Stearate,Octadecanoic acid magnesium salt,,syubhah,synthetically from stearic acid. Check source of stearic,"SANHA Syubhah E-Numbers list, sanha.org.za/e-numbers/"
E630,Inosinic Acid,5-Inosinic acid; muscle inosinic acid; t-inosinic acid; IMP,Flavour enhancer,syubhah,meat or sardines or,"SANHA Syubhah E-Numbers list, sanha.org.za/e-numbers/"
E631,Sodium 5-Inosinate,Inosine 5-disodium phosphate; disodium salt of inosinic acid,Flavour enhancer,syubhah,meat extract or from,"SANHA Syubhah E-Numbers list, sanha.org.za/e-numbers/"
E632,Dipotassium Inosinate,Potassium inosinate; potassium 5-inosinate,Flavour enhancer,syubhah,inosinic acid from meat extract or from dried,"SANHA Syubhah E-Numbers list, sanha.org.za/e-numbers/"
E633,Calcium Inosinate,Calcium 5-inosinate,Flavour enhancer,syubhah,inosinic acid from meat extract or from dried sardines or,"SANHA Syubhah E-Numbers list, sanha.org.za/e-numbers/"
E634,Calcium 5-ribonucleotides,N/A,Flavour enhancer,syubhah,mixture of calcium guanylate (E629) & calcium inosinate (E633). Check source,"SANHA Syubhah E-Numbers list, sanha.org.za/e-numbers/"
E635,Sodium 5-Ribonucleotide,N/A,Flavour enhancer,syubhah,mixture of disodium guanylate (E627) & disodium inosinate (E631). Check source,"SANHA Syubhah E-Numbers list, sanha.org.za/e-numbers/"
E640,Glycine & its Sodium Salt,Glycine; sodium glycinate; glycocoll; aminoacetic acid; aminoethanoic acid,Flavour enhancer,syubhah,gelatin,"SANHA Syubhah E-Numbers list, sanha.org.za/e-numbers/"
E910,L-Cysteine,cys; beta mercaptoalanine; L-cysteine monohydrate,,syubhah,Human hair; feathers; or synthetic,"SANHA Syubhah E-Numbers list, sanha.org.za/e-numbers/"
E915,Esters of Colophony,esters of rosin,,syubhah,"synthetic, from rosin (tree oil) with other fats","SANHA Syubhah E-Numbers list, sanha.org.za/e-numbers/"
E920,Cysteine Hydrochloride,cys; beta mercaptoalanine HCl; L-cysteine hydrochloride; L-cysteine HCl monohydrate,Flavouring Improving agent,syubhah,animal or,"SANHA Syubhah E-Numbers list, sanha.org.za/e-numbers/"
E921,L-Cystine,L-Cystine hydrochloride,,syubhah,horse hair or synthetic,"SANHA Syubhah E-Numbers list, sanha.org.za/e-numbers/"
