step,epoch,train_loss,eval_loss,precision,recall,eval_f1
1000,0.1099,0.3229,0.1562,0.9402,0.9579,0.949
2000,0.2198,0.2608,0.1281,0.9559,0.9672,0.9615
3000,0.3297,0.226,0.0979,0.962,0.9716,0.9668
4000,0.4396,0.1808,0.0992,0.962,0.9725,0.9672
5000,0.5495,0.1754,0.0872,0.9676,0.9763,0.972
6000,0.6594,0.164,0.0856,0.9675,0.9773,0.9724
7000,0.7694,0.1718,0.0814,0.972,0.9774,0.9747
8000,0.8793,0.1372,0.0777,0.973,0.9786,0.9758
9000,0.9892,0.1665,0.0715,0.9753,0.9788,0.977
10000,1.099,0.092,0.0766,0.9758,0.9804,0.9781
11000,1.2089,0.1291,0.0703,0.9781,0.9812,0.9796
12000,1.3188,0.1088,0.0702,0.9788,0.9816,0.9802
13000,1.4288,0.0898,0.0733,0.9748,0.9824,0.9785
14000,1.5387,0.0805,0.0677,0.9799,0.9822,0.981
15000,1.6486,0.0978,0.0655,0.9807,0.9831,0.9819
16000,1.7585,0.1119,0.0662,0.9803,0.9838,0.982
17000,1.8684,0.0791,0.0629,0.9805,0.9844,0.9824
18000,1.9783,0.0883,0.0617,0.981,0.9841,0.9826
18198,2.0,0.0639,0.0616,0.9809,0.984,0.9825
